0;2019.03.25 15:00;4;19.0625;17.375;19.3125;353;202;0
1;2019.03.25 15:15;4;20;18.75;19.375;372;202;0
2;2019.03.25 15:30;4;19.75;19.125;19.375;373;202;0
3;2019.03.25 15:45;4;19.625;19.25;19.375;374;202;0
4;2019.03.25 16:00;4;19.5;19.375;19.375;374;202;0
5;2019.03.25 16:15;4;19.375;19.375;19.375;373;202;0
6;2019.03.25 16:30;4;19.375;19.375;19.4375;373;202;0
7;2019.03.25 16:45;4;19.5;19.375;19.4375;373;202;0
8;2019.03.25 17:00;4;19.75;19.4375;19.5;374;202;0
9;2019.03.25 17:15;4;19.75;19.5;19.5625;374;202;0
10;2019.03.25 17:30;4;19.75;19.5;19.625;374;202;0
11;2019.03.25 17:45;4;19.875;19.625;19.625;374;202;0
12;2019.03.25 18:00;4;19.875;19.625;19.6875;374;202;0
13;2019.03.25 18:15;4;20;19.6875;19.75;375;202;0
14;2019.03.25 18:30;4;20;19.75;19.8125;375;202;0
15;2019.03.25 18:45;4;20.125;19.8125;19.875;375;202;0
16;2019.03.25 19:00;4;20.125;19.875;19.9375;375;202;0
17;2019.03.25 19:15;4;20.125;19.875;20;375;202;0
18;2019.03.25 19:30;4;20.1875;20;20;376;202;0
19;2019.03.25 19:45;4;20.25;20;20.0625;376;202;0
20;2019.03.25 20:00;4;20.25;20.0625;20.125;376;202;0
21;2019.03.25 20:15;4;20.25;20.125;20.125;376;202;0
22;2019.03.25 20:30;4;20.25;20.125;20.1875;376;202;0
23;2019.03.25 20:45;4;20.3125;20.125;20.25;376;202;0
24;2019.03.25 21:00;4;20.375;20.1875;20.25;377;202;0
25;2019.03.25 21:15;4;20.375;20.25;20.25;377;202;0
26;2019.03.25 21:30;4;20.375;20.25;20.25;377;202;0
27;2019.03.25 21:45;4;20.375;20.25;20.3125;377;202;0
28;2019.03.25 22:00;4;20.375;20.25;20.375;377;202;0
29;2019.03.25 22:15;4;20.375;20.25;20.375;377;202;0
30;2019.03.25 22:30;4;20.375;20.3125;20.375;377;202;0
31;2019.03.25 22:45;4;20.4375;20.3125;20.375;377;202;0
32;2019.03.25 23:00;4;20.4375;20.375;20.375;377;202;0
33;2019.03.25 23:15;4;20.4375;20.375;20.375;377;202;0
34;2019.03.25 23:30;4;20.4375;20.375;20.375;377;202;0
35;2019.03.25 23:45;4;20.5;20.375;20.375;377;202;0
36;2019.03.26 00:00;4;20.5;20.375;20.4375;377;202;0
37;2019.03.26 00:15;4;20.5;20.375;20.4375;377;202;0
38;2019.03.26 00:30;4;20.5;20.375;20.4375;377;202;0
39;2019.03.26 00:45;4;20.5;20.375;20.4375;377;202;0
40;2019.03.26 01:00;4;20.5;20.375;20.4375;377;202;0
41;2019.03.26 01:15;4;20.5;20.375;20.4375;377;202;0
42;2019.03.26 01:30;4;20.5;20.375;20.5;377;202;0
43;2019.03.26 01:45;4;20.5;20.375;20.5;377;202;0
44;2019.03.26 02:00;4;20.5;20.375;20.5;376;202;0
45;2019.03.26 02:15;4;20.5;20.375;20.4375;376;202;0
46;2019.03.26 02:30;4;20.5;20.375;20.5;376;202;0
47;2019.03.26 02:45;4;20.5;20.375;20.4375;376;202;0
48;2019.03.26 03:00;4;20.4375;20.375;20.4375;376;202;0
49;2019.03.26 03:15;4;20.4375;20.375;20.4375;376;202;0
50;2019.03.26 03:30;4;20.4375;20.375;20.4375;376;202;0
51;2019.03.26 03:45;4;20.4375;20.375;20.4375;376;202;0
52;2019.03.26 04:00;4;20.4375;20.375;20.4375;376;202;0
53;2019.03.26 04:15;4;20.4375;20.375;20.4375;376;202;0
54;2019.03.26 04:30;4;20.4375;20.375;20.4375;376;202;0
55;2019.03.26 04:45;4;20.4375;20.375;20.4375;376;202;0
56;2019.03.26 05:00;4;20.4375;20.375;20.4375;375;202;0
57;2019.03.26 05:15;4;20.4375;20.375;20.4375;376;202;0
58;2019.03.26 05:30;4;20.3125;20.375;20.375;376;202;0
59;2019.03.26 05:45;4;20.25;20.25;20.375;375;202;0
60;2019.03.26 06:00;4;20.3125;20.25;20.375;375;202;0
61;2019.03.26 06:15;4;20.375;20.25;20.375;375;202;0
62;2019.03.26 06:30;4;20.375;20.3125;20.375;375;202;0
63;2019.03.26 06:45;4;20.4375;20.3125;20.375;375;202;0
64;2019.03.26 07:00;4;20.5;20.3125;20.375;375;202;0
65;2019.03.26 07:15;4;20.5;20.375;20.375;375;202;0
66;2019.03.26 07:30;4;20.5;20.375;20.375;375;202;0
67;2019.03.26 07:45;4;20.5625;20.375;20.375;375;202;0
68;2019.03.26 08:00;4;20.625;20.375;20.4375;376;202;0
69;2019.03.26 08:15;4;20.5625;20.375;20.4375;376;202;0
70;2019.03.26 08:30;4;20.5625;20.4375;20.5;376;202;0
71;2019.03.26 08:45;4;20.625;20.4375;20.5;376;202;0
72;2019.03.26 09:00;4;20.625;20.4375;20.5;376;202;0
73;2019.03.26 09:15;4;20.625;20.5;20.5;376;202;0
74;2019.03.26 09:30;4;20.625;20.5;20.5;376;202;0
75;2019.03.26 09:45;4;20.6875;20.5;20.5;376;202;0
76;2019.03.26 10:00;4;20.75;20.5;20.5625;376;202;0
77;2019.03.26 10:15;4;20.75;20.5;20.625;376;202;0
78;2019.03.26 10:30;4;20.8125;20.5625;20.625;376;202;0
79;2019.03.26 10:45;4;20.8125;20.625;20.625;377;202;0
80;2019.03.26 11:00;4;20.875;20.625;20.6875;377;202;0
81;2019.03.26 11:15;4;20.9375;20.625;20.75;377;202;0
82;2019.03.26 11:30;4;20.875;20.75;20.75;377;202;0
83;2019.03.26 11:45;4;20.75;20.75;20.75;377;202;0
84;2019.03.26 12:00;4;20.875;20.75;20.75;377;202;0
85;2019.03.26 12:15;4;20.9375;20.75;20.8125;377;202;0
86;2019.03.26 12:30;4;21;20.75;20.875;377;202;0
87;2019.03.26 12:45;4;21.0625;20.8125;20.875;377;202;0
88;2019.03.26 13:00;4;21.125;20.875;20.875;377;202;0
89;2019.03.26 13:15;4;21.125;20.875;20.9375;378;202;0
90;2019.03.26 13:30;4;21.1875;20.9375;21;378;202;0
91;2019.03.26 13:45;4;21;20.9375;20.9375;378;202;0
92;2019.03.26 14:00;4;20.5;20.875;20.875;377;202;0
93;2019.03.26 14:15;4;20.125;20.625;20.625;375;202;0
94;2019.03.26 14:30;4;19.75;20.4375;20.5;374;202;0
95;2019.03.26 14:45;4;19.375;20.1875;20.25;372;202;0
96;2019.03.26 15:00;4;19.0625;20;20;371;202;0
97;2019.03.26 15:15;4;18.875;19.75;19.875;370;202;0
98;2019.03.26 15:30;4;18.625;19.5;19.625;369;202;0
99;2019.03.26 15:45;4;18.4375;19.3125;19.375;367;202;0
100;2019.03.26 16:00;4;18.625;19.125;19.375;367;202;0
101;2019.03.26 16:15;4;18.875;19.125;19.25;367;202;0
102;2019.03.26 16:30;4;19.125;19.125;19.25;367;202;0
103;2019.03.26 16:45;4;19.375;19.1875;19.25;368;202;0
104;2019.03.26 17:00;4;19.5;19.25;19.3125;368;202;0
105;2019.03.26 17:15;4;19.625;19.3125;19.375;369;202;0
106;2019.03.26 17:30;4;19.75;19.375;19.4375;369;202;0
107;2019.03.26 17:45;4;19.875;19.5;19.5;369;202;0
108;2019.03.26 18:00;4;19.875;19.5;19.5;370;202;0
109;2019.03.26 18:15;4;20;19.625;19.625;370;202;0
110;2019.03.26 18:30;4;20;19.625;19.625;370;202;0
111;2019.03.26 18:45;4;20.125;19.6875;19.75;371;202;0
112;2019.03.26 19:00;4;20.125;19.75;19.75;371;202;0
113;2019.03.26 19:15;4;20.125;19.8125;19.8125;371;202;0
114;2019.03.26 19:30;4;20.1875;19.875;19.875;371;202;0
115;2019.03.26 19:45;4;20.25;19.875;19.875;372;202;0
116;2019.03.26 20:00;4;20.25;19.9375;19.9375;372;202;0
117;2019.03.26 20:15;4;20.25;20;20;372;202;0
118;2019.03.26 20:30;4;20.3125;20;20;372;202;0
119;2019.03.26 20:45;4;20.3125;20;20;372;202;0
120;2019.03.26 21:00;4;20.375;20.125;20.0625;372;202;0
121;2019.03.26 21:15;4;20.375;20.125;20.125;372;202;0
122;2019.03.26 21:30;4;20.375;20.125;20.125;373;202;0
123;2019.03.26 21:45;4;20.375;20.125;20.125;373;202;0
124;2019.03.26 22:00;4;20.4375;20.1875;20.125;373;202;0
125;2019.03.26 22:15;4;20.5;20.25;20.1875;373;202;0
126;2019.03.26 22:30;4;20.5;20.25;20.25;373;202;0
127;2019.03.26 22:45;4;20.5;20.25;20.25;373;202;0
128;2019.03.26 23:00;4;20.5;20.25;20.25;373;202;0
129;2019.03.26 23:15;4;20.5;20.3125;20.25;373;202;0
130;2019.03.26 23:30;4;20.5;20.3125;20.3125;373;202;0
131;2019.03.26 23:45;4;20.5;20.375;20.3125;374;202;0
132;2019.03.27 00:00;4;20.5625;20.375;20.375;374;202;0
133;2019.03.27 00:15;4;20.5625;20.375;20.375;374;202;0
134;2019.03.27 00:30;4;20.5625;20.375;20.375;374;202;0
135;2019.03.27 00:45;4;20.625;20.375;20.375;374;202;0
136;2019.03.27 01:00;4;20.625;20.375;20.375;374;202;0
137;2019.03.27 01:15;4;20.625;20.375;20.375;374;202;0
138;2019.03.27 01:30;4;20.625;20.4375;20.375;374;202;0
139;2019.03.27 01:45;4;20.625;20.4375;20.375;374;202;0
140;2019.03.27 02:00;4;20.625;20.4375;20.375;374;202;0
141;2019.03.27 02:15;4;20.625;20.4375;20.4375;374;202;0
142;2019.03.27 02:30;4;20.625;20.4375;20.4375;374;202;0
143;2019.03.27 02:45;4;20.625;20.4375;20.4375;374;202;0
144;2019.03.27 03:00;4;20.625;20.5;20.4375;374;202;0
145;2019.03.27 03:15;4;20.625;20.4375;20.4375;374;202;0
146;2019.03.27 03:30;4;20.625;20.5;20.4375;374;202;0
147;2019.03.27 03:45;4;20.5625;20.4375;20.4375;374;202;0
148;2019.03.27 04:00;4;20.625;20.5;20.4375;374;202;0
149;2019.03.27 04:15;4;20.625;20.5;20.4375;374;202;0
150;2019.03.27 04:30;4;20.5625;20.4375;20.4375;374;202;0
151;2019.03.27 04:45;4;20.5625;20.5;20.4375;374;202;0
152;2019.03.27 05:00;4;20.5625;20.5;20.4375;374;202;0
153;2019.03.27 05:15;4;20.5625;20.4375;20.4375;374;202;0
154;2019.03.27 05:30;4;20.5625;20.4375;20.4375;374;202;0
155;2019.03.27 05:45;4;20.5625;20.4375;20.375;374;202;0
156;2019.03.27 06:00;4;20.5625;20.4375;20.375;374;202;0
157;2019.03.27 06:15;4;20.5625;20.4375;20.375;374;202;0
158;2019.03.27 06:30;4;20.5625;20.4375;20.375;374;202;0
159;2019.03.27 06:45;4;20.625;20.4375;20.4375;374;202;0
160;2019.03.27 07:00;4;20.625;20.5;20.4375;374;202;0
161;2019.03.27 07:15;4;20.625;20.5;20.4375;374;202;0
162;2019.03.27 07:30;4;20.625;20.5;20.4375;374;202;0
163;2019.03.27 07:45;4;20.625;20.5;20.4375;374;202;0
164;2019.03.27 08:00;4;20.625;20.5;20.5;374;202;0
165;2019.03.27 08:15;4;20.6875;20.5;20.5;374;202;0
166;2019.03.27 08:30;4;20.75;20.5;20.5;374;202;0
167;2019.03.27 08:45;4;20.75;20.5;20.5;374;202;0
168;2019.03.27 09:00;4;20.75;20.5625;20.5;374;202;0
169;2019.03.27 09:15;4;20.75;20.5625;20.5;374;202;0
170;2019.03.27 09:30;4;20.875;20.625;20.5625;374;202;0
171;2019.03.27 09:45;4;20.875;20.625;20.625;375;202;0
172;2019.03.27 10:00;4;20.9375;20.625;20.625;375;202;0
173;2019.03.27 10:15;4;21;20.75;20.625;375;202;0
174;2019.03.27 10:30;4;21;20.75;20.6875;375;202;0
175;2019.03.27 10:45;4;20.375;20.6875;20.625;375;202;0
176;2019.03.27 11:00;4;20.5625;20.625;20.625;374;202;0
177;2019.03.27 11:15;4;20.75;20.625;20.625;375;202;0
178;2019.03.27 11:30;4;20.9375;20.6875;20.6875;375;202;0
179;2019.03.27 11:45;4;21.125;20.75;20.75;375;202;0
180;2019.03.27 12:00;4;21.25;20.875;20.8125;376;202;0
181;2019.03.27 12:15;4;21.3125;20.875;20.875;376;202;0
182;2019.03.27 12:30;4;21.375;21;20.9375;377;202;0
183;2019.03.27 12:45;4;21.375;21.0625;21;377;202;0
184;2019.03.27 13:00;4;21.4375;21.125;21.0625;377;202;0
185;2019.03.27 13:15;4;21.5;21.125;21.125;377;202;0
186;2019.03.27 13:30;4;21.5;21.1875;21.125;378;202;0
187;2019.03.27 13:45;4;21.5;21.25;21.125;378;202;0
188;2019.03.27 14:00;4;21.5;21.25;21.25;378;202;0
189;2019.03.27 14:15;4;21.5;21.25;21.25;378;202;0
190;2019.03.27 14:30;4;21.5625;21.3125;21.25;378;202;0
191;2019.03.27 14:45;4;21.625;21.375;21.25;378;202;0
192;2019.03.27 15:00;4;21.625;21.375;21.375;378;202;0
193;2019.03.27 15:15;4;21.625;21.375;21.375;379;202;0
194;2019.03.27 15:30;4;21.625;21.375;21.375;379;202;0
195;2019.03.27 15:45;4;21.625;21.4375;21.375;379;202;0
196;2019.03.27 16:00;4;21.625;21.4375;21.375;379;202;0
197;2019.03.27 16:15;4;21.625;21.5;21.4375;379;202;0
198;2019.03.27 16:30;4;21.6875;21.5;21.4375;379;202;0
199;2019.03.27 16:45;4;21.6875;21.5;21.5;379;202;0
200;2019.03.27 17:00;4;21.6875;21.5;21.5;379;202;0
201;2019.03.27 17:15;4;21.6875;21.5;21.5;379;202;0
202;2019.03.27 17:30;4;21.625;21.5;21.5;379;202;0
203;2019.03.27 17:45;4;21.625;21.5;21.5;379;202;0
204;2019.03.27 18:00;4;21.5625;21.5;21.5;379;202;0
205;2019.03.27 18:15;4;21.5;21.5;21.4375;379;202;0
206;2019.03.27 18:30;4;21.5;21.5;21.4375;379;202;0
207;2019.03.27 18:45;4;21.4375;21.4375;21.375;378;202;0
208;2019.03.27 19:00;4;21.375;21.375;21.375;378;202;0
209;2019.03.27 19:15;4;21.375;21.375;21.375;378;202;0
210;2019.03.27 19:30;4;21.3125;21.375;21.375;378;202;0
211;2019.03.27 19:45;4;21.25;21.3125;21.3125;378;202;0
212;2019.03.27 20:00;4;21.25;21.25;21.25;378;202;0
213;2019.03.27 20:15;4;21.25;21.25;21.25;377;202;0
214;2019.03.27 20:30;4;21.1875;21.25;21.1875;377;202;0
215;2019.03.27 20:45;4;21.125;21.1875;21.1875;377;202;0
216;2019.03.27 21:00;4;21.125;21.125;21.125;377;202;0
217;2019.03.27 21:15;4;21.125;21.125;21.125;377;202;0
218;2019.03.27 21:30;4;21.0625;21.125;21.125;377;202;0
219;2019.03.27 21:45;4;21;21.0625;21.0625;376;202;0
220;2019.03.27 22:00;4;21;21.0625;21;376;202;0
221;2019.03.27 22:15;4;21;21;21;376;202;0
222;2019.03.27 22:30;4;21;21;21;376;202;0
223;2019.03.27 22:45;4;20.9375;21;20.9375;376;202;0
224;2019.03.27 23:00;4;20.875;20.9375;20.9375;376;202;0
225;2019.03.27 23:15;4;20.875;20.875;20.875;375;202;0
226;2019.03.27 23:30;4;20.875;20.875;20.875;375;202;0
227;2019.03.27 23:45;4;20.875;20.875;20.875;375;202;0
228;2019.03.28 00:00;4;20.875;20.875;20.8125;375;202;0
229;2019.03.28 00:15;4;20.8125;20.8125;20.8125;375;202;0
230;2019.03.28 00:30;4;20.75;20.8125;20.75;375;202;0
231;2019.03.28 00:45;4;20.75;20.75;20.75;375;202;0
232;2019.03.28 01:00;4;20.75;20.75;20.75;375;202;0
233;2019.03.28 01:15;4;20.75;20.75;20.75;375;202;0
234;2019.03.28 01:30;4;20.75;20.75;20.75;374;202;0
235;2019.03.28 01:45;4;20.75;20.75;20.6875;374;202;0
236;2019.03.28 02:00;4;20.75;20.6875;20.625;374;202;0
237;2019.03.28 02:15;4;20.6875;20.6875;20.625;374;202;0
238;2019.03.28 02:30;4;20.6875;20.625;20.625;374;202;0
239;2019.03.28 02:45;4;20.6875;20.625;20.625;374;202;0
240;2019.03.28 03:00;4;20.75;20.625;20.625;374;202;0
241;2019.03.28 03:15;4;20.75;20.625;20.625;374;202;0
242;2019.03.28 03:30;4;20.75;20.625;20.625;374;202;0
243;2019.03.28 03:45;4;20.75;20.625;20.625;374;202;0
244;2019.03.28 04:00;4;20.75;20.625;20.625;374;202;0
245;2019.03.28 04:15;4;20.75;20.625;20.625;374;202;0
246;2019.03.28 04:30;4;20.75;20.625;20.625;374;202;0
247;2019.03.28 04:45;4;20.75;20.625;20.625;374;202;0
248;2019.03.28 05:00;4;20.75;20.625;20.625;374;202;0
249;2019.03.28 05:15;4;20.6875;20.625;20.5625;374;202;0
250;2019.03.28 05:30;4;20.75;20.625;20.5625;374;202;0
251;2019.03.28 05:45;4;20.6875;20.625;20.5625;374;202;0
252;2019.03.28 06:00;4;20.6875;20.625;20.5625;374;202;0
253;2019.03.28 06:15;4;20.6875;20.625;20.5625;374;202;0
254;2019.03.28 06:30;4;20.6875;20.625;20.5625;374;202;0
255;2019.03.28 06:45;4;20.75;20.625;20.5625;374;202;0
256;2019.03.28 07:00;4;20.75;20.625;20.5625;374;202;0
257;2019.03.28 07:15;4;20.6875;20.625;20.5625;374;202;0
258;2019.03.28 07:30;4;20.6875;20.625;20.5625;374;202;0
259;2019.03.28 07:45;4;20.6875;20.625;20.5625;374;202;0
260;2019.03.28 08:00;4;20.75;20.625;20.5625;374;202;0
261;2019.03.28 08:15;4;20.75;20.625;20.5625;374;202;0
262;2019.03.28 08:30;4;20.75;20.625;20.5625;374;202;0
263;2019.03.28 08:45;4;20.875;20.625;20.625;374;202;0
264;2019.03.28 09:00;4;21;20.6875;20.625;374;202;0
265;2019.03.28 09:15;4;21.25;20.75;20.75;375;202;0
266;2019.03.28 09:30;4;21.25;20.875;20.75;375;202;0
267;2019.03.28 09:45;4;21.25;20.875;20.875;375;202;0
268;2019.03.28 10:00;4;21.375;21;20.875;372;202;0
269;2019.03.28 10:15;4;21.125;21;20.875;372;202;0
270;2019.03.28 10:30;4;21;20.9375;20.875;372;202;0
271;2019.03.28 10:45;4;20.875;20.875;20.875;371;202;0
272;2019.03.28 11:00;4;20.875;20.875;20.8125;371;202;0
273;2019.03.28 11:15;4;21;20.875;20.75;371;202;0
274;2019.03.28 11:30;4;21;20.875;20.75;371;202;0
275;2019.03.28 11:45;4;21;20.875;20.75;371;202;0
276;2019.03.28 12:00;4;21.125;20.875;20.75;371;202;0
277;2019.03.28 12:15;4;21.25;20.875;20.8125;372;202;0
278;2019.03.28 12:30;4;21.25;20.9375;20.875;372;202;0
279;2019.03.28 12:45;4;21.375;21;20.875;372;202;0
280;2019.03.28 13:00;4;21.4375;21;20.9375;373;202;0
281;2019.03.28 13:15;4;21.5625;21.125;21;373;202;0
282;2019.03.28 13:30;4;21.625;21.125;21.0625;373;202;0
283;2019.03.28 13:45;4;21.25;21.125;21.125;373;202;0
284;2019.03.28 14:00;4;20.625;21;21;375;202;0
285;2019.03.28 14:15;4;19.25;20.5;20.3125;371;202;0
286;2019.03.28 14:30;4;18.625;19.9375;19.75;368;202;0
287;2019.03.28 14:45;4;18.1875;19.375;19.25;365;202;0
288;2019.03.28 15:00;4;18.0625;19.0625;19;364;202;0
289;2019.03.28 15:15;4;17.875;18.75;18.6875;362;202;0
290;2019.03.28 15:30;4;18;18.5;18.375;371;202;0
291;2019.03.28 15:45;4;19.125;18.75;18.6875;373;202;0
292;2019.03.28 16:00;4;19.625;19.125;19.1875;375;202;0
293;2019.03.28 16:15;4;20;19.5;19.5;377;202;0
294;2019.03.28 16:30;4;20.1875;19.75;19.8125;378;202;0
295;2019.03.28 16:45;4;20.375;20;20;379;202;0
296;2019.03.28 17:00;4;20.5;20.125;20.1875;380;202;0
297;2019.03.28 17:15;4;20.5625;20.25;20.3125;381;202;0
298;2019.03.28 17:30;4;20.625;20.375;20.375;381;202;0
299;2019.03.28 17:45;4;20.625;20.5;20.5;381;202;0
300;2019.03.28 18:00;4;20.75;20.5;20.5;382;202;0
301;2019.03.28 18:15;4;20.75;20.5625;20.5625;382;202;0
302;2019.03.28 18:30;4;20.75;20.625;20.625;382;202;0
303;2019.03.28 18:45;4;20.75;20.625;20.625;382;202;0
304;2019.03.28 19:00;4;20.75;20.625;20.625;382;202;0
305;2019.03.28 19:15;4;20.75;20.625;20.625;382;202;0
306;2019.03.28 19:30;4;20.75;20.625;20.625;382;202;0
307;2019.03.28 19:45;4;20.75;20.625;20.625;382;202;0
308;2019.03.28 20:00;4;20.75;20.625;20.625;382;202;0
309;2019.03.28 20:15;4;20.75;20.625;20.625;382;202;0
310;2019.03.28 20:30;4;20.75;20.625;20.625;382;202;0
311;2019.03.28 20:45;4;20.75;20.625;20.625;382;202;0
312;2019.03.28 21:00;4;20.75;20.625;20.625;382;202;0
313;2019.03.28 21:15;4;20.75;20.625;20.625;382;202;0
314;2019.03.28 21:30;4;20.75;20.625;20.625;382;202;0
315;2019.03.28 21:45;4;20.6875;20.625;20.5625;382;202;0
316;2019.03.28 22:00;4;20.6875;20.625;20.5625;382;202;0
317;2019.03.28 22:15;4;20.6875;20.625;20.5;382;202;0
318;2019.03.28 22:30;4;20.625;20.625;20.5;382;202;0
319;2019.03.28 22:45;4;20.625;20.5625;20.5;382;202;0
320;2019.03.28 23:00;4;20.625;20.5625;20.5;382;202;0
321;2019.03.28 23:15;4;20.625;20.5;20.5;382;202;0
322;2019.03.28 23:30;4;20.625;20.5;20.5;382;202;0
323;2019.03.28 23:45;4;20.625;20.5;20.4375;381;202;0
324;2019.03.29 00:00;4;20.625;20.5;20.4375;381;202;0
325;2019.03.29 00:15;4;20.625;20.5;20.4375;381;202;0
326;2019.03.29 00:30;4;20.5625;20.5;20.375;381;202;0
327;2019.03.29 00:45;4;20.5625;20.5;20.375;381;202;0
328;2019.03.29 01:00;4;20.5;20.4375;20.375;381;202;0
329;2019.03.29 01:15;4;20.5;20.4375;20.375;381;202;0
330;2019.03.29 01:30;4;20.5;20.4375;20.375;381;202;0
331;2019.03.29 01:45;4;20.5;20.375;20.375;381;202;0
332;2019.03.29 02:00;4;20.5;20.375;20.3125;381;202;0
333;2019.03.29 02:15;4;20.5;20.375;20.3125;381;202;0
334;2019.03.29 02:30;4;20.5;20.375;20.3125;381;202;0
335;2019.03.29 02:45;4;20.5;20.375;20.25;381;202;0
336;2019.03.29 03:00;4;20.5;20.375;20.25;381;202;0
337;2019.03.29 03:15;4;20.4375;20.375;20.25;381;202;0
338;2019.03.29 03:30;4;20.4375;20.375;20.25;381;202;0
339;2019.03.29 03:45;4;20.4375;20.3125;20.25;381;202;0
340;2019.03.29 04:00;4;20.375;20.3125;20.25;380;202;0
341;2019.03.29 04:15;4;20.375;20.3125;20.25;380;202;0
342;2019.03.29 04:30;4;20.375;20.25;20.25;380;202;0
343;2019.03.29 04:45;4;20.375;20.25;20.25;380;202;0
344;2019.03.29 05:00;4;20.375;20.25;20.25;380;202;0
345;2019.03.29 05:15;4;20.375;20.25;20.1875;380;202;0
346;2019.03.29 05:30;4;20.375;20.25;20.1875;380;202;0
347;2019.03.29 05:45;4;20.375;20.25;20.1875;380;202;0
348;2019.03.29 06:00;4;20.375;20.25;20.1875;380;202;0
349;2019.03.29 06:15;4;20.375;20.25;20.1875;380;202;0
350;2019.03.29 06:30;4;20.375;20.25;20.1875;380;202;0
351;2019.03.29 06:45;4;20.375;20.25;20.25;380;202;0
352;2019.03.29 07:00;4;20.4375;20.25;20.25;380;202;0
353;2019.03.29 07:15;4;20.5;20.3125;20.25;380;202;0
354;2019.03.29 07:30;4;20.5;20.375;20.3125;381;202;0
355;2019.03.29 07:45;4;20.625;20.375;20.375;381;202;0
356;2019.03.29 08:00;4;20.6875;20.5;20.4375;381;202;0
357;2019.03.29 08:15;4;20.75;20.5;20.5;382;202;0
358;2019.03.29 08:30;4;20.75;20.625;20.5625;382;202;0
359;2019.03.29 08:45;4;20.875;20.625;20.625;382;202;0
360;2019.03.29 09:00;4;20.875;20.75;20.75;383;202;0
361;2019.03.29 09:15;4;20.875;20.75;20.75;383;202;0
362;2019.03.29 09:30;4;20.875;20.75;20.6875;382;202;0
363;2019.03.29 09:45;4;21.0625;20.8125;20.8125;379;202;0
364;2019.03.29 10:00;4;21.25;21;21;380;202;0
365;2019.03.29 10:15;4;21.3125;21.0625;21.125;380;202;0
366;2019.03.29 10:30;4;21.375;21.125;21.125;380;202;0
367;2019.03.29 10:45;4;21.25;21.125;21.125;380;202;0
368;2019.03.29 11:00;4;21.3125;21.1875;21.1875;381;202;0
369;2019.03.29 11:15;4;21.375;21.1875;21.25;381;202;0
370;2019.03.29 11:30;4;21.375;21.25;21.25;381;202;0
371;2019.03.29 11:45;4;21.4375;21.25;21.3125;381;202;0
372;2019.03.29 12:00;4;21.5;21.375;21.375;381;202;0
373;2019.03.29 12:15;4;21.5625;21.375;21.4375;382;202;0
374;2019.03.29 12:30;4;21.625;21.5;21.5;382;202;0
375;2019.03.29 12:45;4;21.75;21.5625;21.625;382;202;0
376;2019.03.29 13:00;4;21.625;21.5;21.5;382;202;0
377;2019.03.29 13:15;4;21.375;21.4375;21.3125;381;202;0
378;2019.03.29 13:30;4;21.25;21.25;21.125;381;202;0
379;2019.03.29 13:45;4;21.375;21.25;21.1875;381;202;0
380;2019.03.29 14:00;4;21.25;21.1875;21.125;380;202;0
381;2019.03.29 14:15;4;21.375;21.25;21.25;381;202;0
382;2019.03.29 14:30;4;21.5;21.25;21.3125;381;202;0
383;2019.03.29 14:45;4;21.5;21.3125;21.375;381;202;0
384;2019.03.29 15:00;4;21.5625;21.375;21.375;380;202;0
385;2019.03.29 15:15;4;21.5;21.375;21.375;381;202;0
386;2019.03.29 15:30;4;21.375;21.375;21.25;380;202;0
387;2019.03.29 15:45;4;21.375;21.3125;21.25;380;202;0
388;2019.03.29 16:00;4;21.25;21.25;21.125;380;202;0
389;2019.03.29 16:15;4;21.0625;21.125;20.875;379;202;0
390;2019.03.29 16:30;4;21;21;20.8125;378;202;0
391;2019.03.29 16:45;4;21.125;21;20.875;379;202;0
392;2019.03.29 17:00;4;21.1875;21;21;379;202;0
393;2019.03.29 17:15;4;21.25;21.0625;21;379;202;0
394;2019.03.29 17:30;4;21.25;21.125;21.0625;379;202;0
395;2019.03.29 17:45;4;21.25;21.125;21.0625;379;202;0
396;2019.03.29 18:00;4;21.25;21.125;21.125;379;202;0
397;2019.03.29 18:15;4;21.25;21.125;21.125;379;202;0
398;2019.03.29 18:30;4;21.1875;21.125;21.0625;379;202;0
399;2019.03.29 18:45;4;21.125;21.125;21.0625;379;202;0
400;2019.03.29 19:00;4;21.125;21.0625;21;379;202;0
401;2019.03.29 19:15;4;21.125;21;21;379;202;0
402;2019.03.29 19:30;4;21.0625;21;21;379;202;0
403;2019.03.29 19:45;4;21;21;20.9375;378;202;0
404;2019.03.29 20:00;4;21;20.9375;20.875;378;202;0
405;2019.03.29 20:15;4;21;20.875;20.875;378;202;0
406;2019.03.29 20:30;4;20.9375;20.875;20.875;378;202;0
407;2019.03.29 20:45;4;20.875;20.875;20.8125;378;202;0
408;2019.03.29 21:00;4;20.875;20.8125;20.75;378;202;0
409;2019.03.29 21:15;4;20.875;20.75;20.75;377;202;0
410;2019.03.29 21:30;4;20.8125;20.75;20.75;377;202;0
411;2019.03.29 21:45;4;20.75;20.75;20.6875;377;202;0
412;2019.03.29 22:00;4;20.75;20.6875;20.625;377;202;0
413;2019.03.29 22:15;4;20.75;20.6875;20.625;377;202;0
414;2019.03.29 22:30;4;20.75;20.625;20.625;377;202;0
415;2019.03.29 22:45;4;20.6875;20.625;20.625;377;202;0
416;2019.03.29 23:00;4;20.625;20.625;20.5625;377;202;0
417;2019.03.29 23:15;4;20.625;20.625;20.5;376;202;0
418;2019.03.29 23:30;4;20.625;20.5625;20.5;376;202;0
419;2019.03.29 23:45;4;20.5625;20.5;20.5;376;202;0
420;2019.03.30 00:00;4;20.5625;20.5;20.5;376;202;0
421;2019.03.30 00:15;4;20.5;20.5;20.5;376;202;0
422;2019.03.30 00:30;4;20.5;20.5;20.4375;376;202;0
423;2019.03.30 00:45;4;20.5;20.4375;20.375;376;202;0
424;2019.03.30 01:00;4;20.5;20.4375;20.375;376;202;0
425;2019.03.30 01:15;4;20.5;20.375;20.375;376;202;0
426;2019.03.30 01:30;4;20.5;20.375;20.375;376;202;0
427;2019.03.30 01:45;4;20.4375;20.375;20.375;375;202;0
428;2019.03.30 02:00;4;20.4375;20.375;20.375;375;202;0
429;2019.03.30 02:15;4;20.375;20.375;20.3125;375;202;0
430;2019.03.30 02:30;4;20.375;20.375;20.3125;375;202;0
431;2019.03.30 02:45;4;20.375;20.3125;20.25;375;202;0
432;2019.03.30 03:00;4;20.375;20.3125;20.25;375;202;0
433;2019.03.30 03:15;4;20.375;20.25;20.25;375;202;0
434;2019.03.30 03:30;4;20.375;20.25;20.25;375;202;0
435;2019.03.30 03:45;4;20.3125;20.25;20.25;375;202;0
436;2019.03.30 04:00;4;20.3125;20.25;20.25;375;202;0
437;2019.03.30 04:15;4;20.25;20.25;20.1875;375;202;0
438;2019.03.30 04:30;4;20.25;20.25;20.1875;375;202;0
439;2019.03.30 04:45;4;20.25;20.1875;20.125;375;202;0
440;2019.03.30 05:00;4;20.25;20.1875;20.125;375;202;0
441;2019.03.30 05:15;4;20.25;20.1875;20.125;374;202;0
442;2019.03.30 05:30;4;20.25;20.1875;20.125;374;202;0
443;2019.03.30 05:45;4;20.25;20.125;20.125;374;202;0
444;2019.03.30 06:00;4;20.25;20.125;20.125;374;202;0
445;2019.03.30 06:15;4;20.25;20.125;20.125;374;202;0
446;2019.03.30 06:30;4;20.25;20.125;20.125;375;202;0
447;2019.03.30 06:45;4;20.3125;20.1875;20.1875;375;202;0
448;2019.03.30 07:00;4;20.375;20.25;20.25;375;202;0
449;2019.03.30 07:15;4;20.5;20.25;20.25;375;202;0
450;2019.03.30 07:30;4;20.5;20.375;20.375;375;202;0
451;2019.03.30 07:45;4;20.625;20.375;20.375;376;202;0
452;2019.03.30 08:00;4;20.6875;20.5;20.5;376;202;0
453;2019.03.30 08:15;4;20.75;20.5625;20.5625;376;202;0
454;2019.03.30 08:30;4;20.875;20.625;20.6875;377;202;0
455;2019.03.30 08:45;4;21;20.75;20.75;377;202;0
456;2019.03.30 09:00;4;21.125;20.875;20.875;378;202;0
457;2019.03.30 09:15;4;21.375;21;21.0625;379;202;0
458;2019.03.30 09:30;4;21.625;21.1875;21.25;380;202;0
459;2019.03.30 09:45;4;21.75;21.375;21.4375;381;202;0
460;2019.03.30 10:00;4;21.9375;21.5625;21.625;381;202;0
461;2019.03.30 10:15;4;22.125;21.75;21.75;382;202;0
462;2019.03.30 10:30;4;22.25;21.875;21.875;384;202;0
463;2019.03.30 10:45;4;22.375;22;22.0625;384;202;0
464;2019.03.30 11:00;4;22.5;22.125;22.1875;384;202;0
465;2019.03.30 11:15;4;22.5625;22.25;22.375;385;202;0
466;2019.03.30 11:30;4;22.625;22.375;22.4375;385;202;0
467;2019.03.30 11:45;4;22.6875;22.5;22.5;386;202;0
468;2019.03.30 12:00;4;22.75;22.5;22.625;386;202;0
469;2019.03.30 12:15;4;22.875;22.625;22.75;387;202;0
470;2019.03.30 12:30;4;23;22.75;22.9375;387;202;0
471;2019.03.30 12:45;4;22.9375;22.875;22.9375;387;202;0
472;2019.03.30 13:00;4;22.9375;22.875;22.875;387;202;0
473;2019.03.30 13:15;4;22.9375;22.875;22.875;387;202;0
474;2019.03.30 13:30;4;22.875;22.875;22.875;387;202;0
475;2019.03.30 13:45;4;22.875;22.875;22.875;387;202;0
476;2019.03.30 14:00;4;22.875;22.8125;22.875;387;202;0
477;2019.03.30 14:15;4;22.8125;22.75;22.75;387;202;0
478;2019.03.30 14:30;4;22.75;22.75;22.75;387;202;0
479;2019.03.30 14:45;4;22.6875;22.6875;22.6875;387;202;0
480;2019.03.30 15:00;4;22.625;22.625;22.625;386;202;0
481;2019.03.30 15:15;4;22.625;22.625;22.5625;386;202;0
482;2019.03.30 15:30;4;22.5;22.5;22.5;386;202;0
483;2019.03.30 15:45;4;22.5;22.5;22.4375;385;202;0
484;2019.03.30 16:00;4;22.375;22.375;22.375;385;202;0
485;2019.03.30 16:15;4;22.375;22.375;22.3125;385;202;0
486;2019.03.30 16:30;4;22.25;22.25;22.25;385;202;0
487;2019.03.30 16:45;4;22.25;22.25;22.1875;384;202;0
488;2019.03.30 17:00;4;22.1875;22.1875;22.125;384;202;0
489;2019.03.30 17:15;4;22.125;22.125;22.0625;384;202;0
490;2019.03.30 17:30;4;22.0625;22.0625;22;384;202;0
491;2019.03.30 17:45;4;22;22;21.9375;384;202;0
492;2019.03.30 18:00;4;22;22;21.875;384;202;0
493;2019.03.30 18:15;4;21.875;21.875;21.875;383;202;0
494;2019.03.30 18:30;4;21.875;21.875;21.75;382;202;0
495;2019.03.30 18:45;4;21.8125;21.75;21.75;382;202;0
496;2019.03.30 19:00;4;21.75;21.75;21.6875;382;202;0
497;2019.03.30 19:15;4;21.75;21.6875;21.625;382;202;0
498;2019.03.30 19:30;4;21.625;21.625;21.625;381;202;0
499;2019.03.30 19:45;4;21.625;21.625;21.5625;381;202;0
500;2019.03.30 20:00;4;21.625;21.5625;21.5;381;202;0
501;2019.03.30 20:15;4;21.5;21.5;21.5;381;202;0
502;2019.03.30 20:30;4;21.5;21.5;21.375;381;202;0
503;2019.03.30 20:45;4;21.4375;21.375;21.375;380;202;0
504;2019.03.30 21:00;4;21.375;21.375;21.375;380;202;0
505;2019.03.30 21:15;4;21.375;21.375;21.25;380;202;0
506;2019.03.30 21:30;4;21.375;21.3125;21.25;380;202;0
507;2019.03.30 21:45;4;21.3125;21.25;21.25;380;202;0
508;2019.03.30 22:00;4;21.25;21.25;21.25;379;202;0
509;2019.03.30 22:15;4;21.25;21.25;21.1875;379;202;0
510;2019.03.30 22:30;4;21.25;21.1875;21.125;379;202;0
511;2019.03.30 22:45;4;21.25;21.125;21.125;379;202;0
512;2019.03.30 23:00;4;21.1875;21.125;21.125;379;202;0
513;2019.03.30 23:15;4;21.1875;21.125;21.125;379;202;0
514;2019.03.30 23:30;4;21.125;21.125;21.0625;379;202;0
515;2019.03.30 23:45;4;21.125;21.0625;21;379;202;0
516;2019.03.31 00:00;4;21.125;21.0625;21;379;202;0
517;2019.03.31 00:15;4;21.0625;21;21;378;202;0
518;2019.03.31 00:30;4;21;21;21;378;202;0
519;2019.03.31 00:45;4;21;21;20.9375;378;202;0
520;2019.03.31 01:00;4;21;20.9375;20.875;378;202;0
521;2019.03.31 01:15;4;21;20.875;20.875;378;202;0
522;2019.03.31 01:30;4;21;20.875;20.875;378;202;0
523;2019.03.31 01:45;4;20.9375;20.875;20.875;378;202;0
524;2019.03.31 02:00;4;20.875;20.875;20.8125;378;202;0
525;2019.03.31 02:15;4;20.875;20.875;20.75;377;202;0
526;2019.03.31 02:30;4;20.875;20.8125;20.75;377;202;0
527;2019.03.31 02:45;4;20.875;20.75;20.75;377;202;0
528;2019.03.31 03:00;4;20.875;20.75;20.75;377;202;0
529;2019.03.31 03:15;4;20.8125;20.75;20.75;377;202;0
530;2019.03.31 03:30;4;20.8125;20.75;20.75;377;202;0
531;2019.03.31 03:45;4;20.75;20.75;20.6875;377;202;0
532;2019.03.31 04:00;4;20.75;20.6875;20.6875;377;202;0
533;2019.03.31 04:15;4;20.75;20.6875;20.625;377;202;0
534;2019.03.31 04:30;4;20.75;20.625;20.625;377;202;0
535;2019.03.31 04:45;4;20.75;20.625;20.625;377;202;0
536;2019.03.31 05:00;4;20.6875;20.625;20.625;376;202;0
537;2019.03.31 05:15;4;20.6875;20.625;20.625;376;202;0
538;2019.03.31 05:30;4;20.6875;20.625;20.5625;376;202;0
539;2019.03.31 05:45;4;20.6875;20.625;20.5625;376;202;0
540;2019.03.31 06:00;4;20.6875;20.625;20.5625;376;202;0
541;2019.03.31 06:15;4;20.6875;20.625;20.625;376;202;0
542;2019.03.31 06:30;4;20.75;20.625;20.625;376;202;0
543;2019.03.31 06:45;4;20.75;20.625;20.625;377;202;0
544;2019.03.31 07:00;4;20.75;20.625;20.625;377;202;0
545;2019.03.31 07:15;4;20.875;20.6875;20.625;377;202;0
546;2019.03.31 07:30;4;20.875;20.75;20.75;377;202;0
547;2019.03.31 07:45;4;20.9375;20.75;20.75;377;202;0
548;2019.03.31 08:00;4;21;20.875;20.875;378;202;0
549;2019.03.31 08:15;4;21.125;20.875;20.9375;378;202;0
550;2019.03.31 08:30;4;21.25;21;21;378;202;0
551;2019.03.31 08:45;4;21.3125;21.0625;21.125;379;202;0
552;2019.03.31 09:00;4;21.4375;21.1875;21.25;379;202;0
553;2019.03.31 09:15;4;21.625;21.3125;21.375;380;202;0
554;2019.03.31 09:30;4;21.8125;21.5;21.5;381;202;0
555;2019.03.31 09:45;4;21.9375;21.625;21.625;381;202;0
556;2019.03.31 10:00;4;22.0625;21.75;21.75;382;202;0
557;2019.03.31 10:15;4;22.1875;21.875;21.9375;384;202;0
558;2019.03.31 10:30;4;22.375;22;22;384;202;0
559;2019.03.31 10:45;4;22.5;22.125;22.1875;384;202;0
560;2019.03.31 11:00;4;22.625;22.25;22.375;385;202;0
561;2019.03.31 11:15;4;22.625;22.375;22.4375;385;202;0
562;2019.03.31 11:30;4;22.75;22.5;22.5625;386;202;0
563;2019.03.31 11:45;4;22.8125;22.5625;22.625;386;202;0
564;2019.03.31 12:00;4;22.875;22.625;22.75;386;202;0
565;2019.03.31 12:15;4;23;22.75;22.875;387;202;0
566;2019.03.31 12:30;4;23;22.875;23;387;202;0
567;2019.03.31 12:45;4;23;22.875;23;387;202;0
568;2019.03.31 13:00;4;23.0625;22.9375;23;388;202;0
569;2019.03.31 13:15;4;23.125;23;23;388;202;0
570;2019.03.31 13:30;4;22.875;22.875;22.8125;387;202;0
571;2019.03.31 13:45;4;22.875;22.875;22.875;387;202;0
572;2019.03.31 14:00;4;22.875;22.8125;22.8125;387;202;0
573;2019.03.31 14:15;4;22.875;22.8125;22.75;387;202;0
574;2019.03.31 14:30;4;22.75;22.75;22.75;387;202;0
575;2019.03.31 14:45;4;22.75;22.75;22.6875;387;202;0
576;2019.03.31 15:00;4;22.6875;22.625;22.625;386;202;0
577;2019.03.31 15:15;4;22.625;22.625;22.5625;386;202;0
578;2019.03.31 15:30;4;22.625;22.5625;22.5;386;202;0
579;2019.03.31 15:45;4;22.5;22.5;22.5;386;202;0
580;2019.03.31 16:00;4;22.5;22.5;22.375;385;202;0
581;2019.03.31 16:15;4;22.4375;22.375;22.375;385;202;0
582;2019.03.31 16:30;4;22.375;22.375;22.25;385;202;0
583;2019.03.31 16:45;4;22.375;22.3125;22.25;385;202;0
584;2019.03.31 17:00;4;22.25;22.25;22.125;384;202;0
585;2019.03.31 17:15;4;22;22.125;21.9375;384;202;0
586;2019.03.31 17:30;4;22;22;21.875;384;202;0
587;2019.03.31 17:45;4;22;21.9375;21.875;384;202;0
588;2019.03.31 18:00;4;22;21.875;21.875;383;202;0
589;2019.03.31 18:15;4;21.9375;21.875;21.8125;383;202;0
590;2019.03.31 18:30;4;21.875;21.875;21.75;383;202;0
591;2019.03.31 18:45;4;21.875;21.875;21.75;382;202;0
592;2019.03.31 19:00;4;21.875;21.75;21.75;382;202;0
593;2019.03.31 19:15;4;21.8125;21.75;21.6875;382;202;0
594;2019.03.31 19:30;4;21.75;21.75;21.625;382;202;0
595;2019.03.31 19:45;4;21.75;21.6875;21.625;382;202;0
596;2019.03.31 20:00;4;21.75;21.625;21.5625;382;202;0
597;2019.03.31 20:15;4;21.6875;21.625;21.5;381;202;0
598;2019.03.31 20:30;4;21.625;21.625;21.5;381;202;0
599;2019.03.31 20:45;4;21.625;21.5625;21.5;381;202;0
600;2019.03.31 21:00;4;21.625;21.5;21.4375;381;202;0
601;2019.03.31 21:15;4;21.5625;21.5;21.375;381;202;0
602;2019.03.31 21:30;4;21.5;21.5;21.375;381;202;0
603;2019.03.31 21:45;4;21.5;21.4375;21.375;381;202;0
604;2019.03.31 22:00;4;21.5;21.375;21.3125;380;202;0
605;2019.03.31 22:15;4;21.5;21.375;21.25;380;202;0
606;2019.03.31 22:30;4;21.4375;21.375;21.25;380;202;0
607;2019.03.31 22:45;4;21.375;21.375;21.25;380;202;0
608;2019.03.31 23:00;4;21.375;21.25;21.1875;380;202;0
609;2019.03.31 23:15;4;21.375;21.25;21.125;380;202;0
610;2019.03.31 23:30;4;21.3125;21.25;21.125;380;202;0
611;2019.03.31 23:45;4;21.25;21.1875;21.125;379;202;0
612;2019.04.01 00:00;4;21.25;21.125;21;379;202;0
613;2019.04.01 00:15;4;21.25;21.125;21;379;202;0
614;2019.04.01 00:30;4;21.1875;21.125;21;379;202;0
615;2019.04.01 00:45;4;21.125;21.0625;20.9375;379;202;0
616;2019.04.01 01:00;4;21.125;21;20.875;379;202;0
617;2019.04.01 01:15;4;21.125;21;20.875;378;202;0
618;2019.04.01 01:30;4;21.125;21;20.875;378;202;0
619;2019.04.01 01:45;4;21.0625;21;20.875;378;202;0
620;2019.04.01 02:00;4;21;20.9375;20.875;378;202;0
621;2019.04.01 02:15;4;21;20.875;20.8125;378;202;0
622;2019.04.01 02:30;4;21;20.875;20.75;378;202;0
623;2019.04.01 02:45;4;21;20.875;20.75;378;202;0
624;2019.04.01 03:00;4;21;20.875;20.75;378;202;0
625;2019.04.01 03:15;4;21;20.875;20.75;378;202;0
626;2019.04.01 03:30;4;21;20.875;20.75;378;202;0
627;2019.04.01 03:45;4;20.9375;20.8125;20.75;378;202;0
628;2019.04.01 04:00;4;20.9375;20.8125;20.75;377;202;0
629;2019.04.01 04:15;4;20.875;20.75;20.6875;377;202;0
630;2019.04.01 04:30;4;20.875;20.75;20.625;377;202;0
631;2019.04.01 04:45;4;20.875;20.75;20.625;377;202;0
632;2019.04.01 05:00;4;20.875;20.75;20.625;377;202;0
633;2019.04.01 05:15;4;20.875;20.75;20.625;377;202;0
634;2019.04.01 05:30;4;20.875;20.75;20.625;377;202;0
635;2019.04.01 05:45;4;20.875;20.75;20.625;377;202;0
636;2019.04.01 06:00;4;20.8125;20.75;20.625;377;202;0
637;2019.04.01 06:15;4;20.8125;20.6875;20.625;377;202;0
638;2019.04.01 06:30;4;20.8125;20.6875;20.625;377;202;0
639;2019.04.01 06:45;4;20.8125;20.6875;20.625;377;202;0
640;2019.04.01 07:00;4;20.25;20.5;20.125;376;202;0
641;2019.04.01 07:15;4;20;20.125;19.75;374;202;0
642;2019.04.01 07:30;4;20;20;19.6875;373;202;0
643;2019.04.01 07:45;4;20;19.875;19.6875;373;202;0
644;2019.04.01 08:00;4;20.125;19.875;19.75;373;202;0
645;2019.04.01 08:15;4;20.1875;19.9375;19.875;374;202;0
646;2019.04.01 08:30;4;20.3125;20;20;374;202;0
647;2019.04.01 08:45;4;20.4375;20.125;20.125;374;202;0
648;2019.04.01 09:00;4;20.625;20.25;20.25;375;202;0
649;2019.04.01 09:15;4;20.75;20.375;20.4375;376;202;0
650;2019.04.01 09:30;4;20.875;20.5;20.5;376;202;0
651;2019.04.01 09:45;4;20.875;20.625;20.5;377;202;0
652;2019.04.01 10:00;4;20.6875;20.5;20.3125;376;202;0
653;2019.04.01 10:15;4;20.75;20.5;20.3125;376;202;0
654;2019.04.01 10:30;4;20.875;20.5;20.5;376;202;0
655;2019.04.01 10:45;4;21;20.625;20.625;377;202;0
656;2019.04.01 11:00;4;21.25;20.75;20.75;378;202;0
657;2019.04.01 11:15;4;21.3125;20.9375;21;378;202;0
658;2019.04.01 11:30;4;21.375;21.0625;21.125;379;202;0
659;2019.04.01 11:45;4;21.4375;21.125;21.25;379;202;0
660;2019.04.01 12:00;4;21.4375;21.25;21.3125;379;202;0
661;2019.04.01 12:15;4;21.5;21.3125;21.4375;380;202;0
662;2019.04.01 12:30;4;21.5;21.375;21.4375;380;202;0
663;2019.04.01 12:45;4;21.5;21.375;21.375;380;202;0
664;2019.04.01 13:00;4;21.5;21.375;21.375;380;202;0
665;2019.04.01 13:15;4;21.375;21.3125;21.25;380;202;0
666;2019.04.01 13:30;4;21.0625;21.125;20.9375;378;202;0
667;2019.04.01 13:45;4;21.125;21;20.9375;378;202;0
668;2019.04.01 14:00;4;21.25;21.0625;21;378;202;0
669;2019.04.01 14:15;4;21.375;21.125;21.125;379;202;0
670;2019.04.01 14:30;4;21.3125;21.125;21.125;379;202;0
671;2019.04.01 14:45;4;20.5625;20.875;20.625;377;202;0
672;2019.04.01 15:00;4;20.375;20.5625;20.3125;376;202;0
673;2019.04.01 15:15;4;20.1875;20.25;20;374;202;0
674;2019.04.01 15:30;4;20.25;20.125;20;374;202;0
675;2019.04.01 15:45;4;20.5625;20.25;20.25;375;202;0
676;2019.04.01 16:00;4;20.75;20.375;20.4375;375;202;0
677;2019.04.01 16:15;4;20.875;20.5;20.5625;376;202;0
678;2019.04.01 16:30;4;20.9375;20.625;20.6875;376;202;0
679;2019.04.01 16:45;4;21;20.75;20.75;377;202;0
680;2019.04.01 17:00;4;21.0625;20.875;20.875;377;202;0
681;2019.04.01 17:15;4;21.125;20.875;20.875;377;202;0
682;2019.04.01 17:30;4;21.125;20.9375;20.9375;378;202;0
683;2019.04.01 17:45;4;21.125;21;21;378;202;0
684;2019.04.01 18:00;4;21.1875;21;21;378;202;0
685;2019.04.01 18:15;4;21.1875;21;21;378;202;0
686;2019.04.01 18:30;4;21.1875;21;21;378;202;0
687;2019.04.01 18:45;4;21.1875;21.0625;21;378;202;0
688;2019.04.01 19:00;4;21.1875;21.0625;21;378;202;0
689;2019.04.01 19:15;4;21.125;21;21;378;202;0
690;2019.04.01 19:30;4;21.125;21;21;378;202;0
691;2019.04.01 19:45;4;21.125;21;21;378;202;0
692;2019.04.01 20:00;4;21.125;21;20.9375;378;202;0
693;2019.04.01 20:15;4;21.125;21;20.9375;378;202;0
694;2019.04.01 20:30;4;21.125;21;20.875;378;202;0
695;2019.04.01 20:45;4;21.125;21;20.875;378;202;0
696;2019.04.01 21:00;4;21.0625;21;20.875;378;202;0
697;2019.04.01 21:15;4;21.0625;20.9375;20.875;378;202;0
698;2019.04.01 21:30;4;21;20.9375;20.875;378;202;0
699;2019.04.01 21:45;4;21;20.875;20.8125;377;202;0
700;2019.04.01 22:00;4;21;20.875;20.75;377;202;0
701;2019.04.01 22:15;4;21;20.875;20.75;377;202;0
702;2019.04.01 22:30;4;21;20.875;20.75;377;202;0
703;2019.04.01 22:45;4;20.9375;20.875;20.75;377;202;0
704;2019.04.01 23:00;4;20.875;20.8125;20.75;377;202;0
705;2019.04.01 23:15;4;20.875;20.75;20.6875;377;202;0
706;2019.04.01 23:30;4;20.875;20.75;20.625;377;202;0
707;2019.04.01 23:45;4;20.875;20.75;20.625;377;202;0
708;2019.04.02 00:00;4;20.875;20.75;20.625;377;202;0
709;2019.04.02 00:15;4;20.8125;20.75;20.625;377;202;0
710;2019.04.02 00:30;4;20.8125;20.6875;20.625;376;202;0
711;2019.04.02 00:45;4;20.75;20.6875;20.5625;376;202;0
712;2019.04.02 01:00;4;20.75;20.625;20.5;376;202;0
713;2019.04.02 01:15;4;20.75;20.625;20.5;376;202;0
714;2019.04.02 01:30;4;20.75;20.625;20.5;376;202;0
715;2019.04.02 01:45;4;20.75;20.625;20.5;376;202;0
716;2019.04.02 02:00;4;20.6875;20.5625;20.5;376;202;0
717;2019.04.02 02:15;4;20.6875;20.5625;20.4375;376;202;0
718;2019.04.02 02:30;4;20.625;20.5;20.4375;376;202;0
719;2019.04.02 02:45;4;20.625;20.5;20.375;376;202;0
720;2019.04.02 03:00;4;20.625;20.5;20.375;376;202;0
721;2019.04.02 03:15;4;20.625;20.5;20.375;375;202;0
722;2019.04.02 03:30;4;20.625;20.5;20.375;375;202;0
723;2019.04.02 03:45;4;20.5625;20.4375;20.375;375;202;0
724;2019.04.02 04:00;4;20.5;20.4375;20.3125;375;202;0
725;2019.04.02 04:15;4;20.5;20.375;20.3125;375;202;0
726;2019.04.02 04:30;4;20.5;20.375;20.25;375;202;0
727;2019.04.02 04:45;4;20.5;20.375;20.25;375;202;0
728;2019.04.02 05:00;4;20.5;20.375;20.25;375;202;0
729;2019.04.02 05:15;4;20.5;20.375;20.25;375;202;0
730;2019.04.02 05:30;4;20.5;20.375;20.25;375;202;0
731;2019.04.02 05:45;4;20.5;20.375;20.25;375;202;0
732;2019.04.02 06:00;4;20.5;20.375;20.25;375;202;0
733;2019.04.02 06:15;4;20.5;20.375;20.25;375;202;0
734;2019.04.02 06:30;4;20.5;20.375;20.25;375;202;0
735;2019.04.02 06:45;4;20.5625;20.375;20.3125;375;202;0
736;2019.04.02 07:00;4;20.625;20.375;20.375;375;202;0
737;2019.04.02 07:15;4;20.625;20.4375;20.375;375;202;0
738;2019.04.02 07:30;4;20.75;20.5;20.5;376;202;0
739;2019.04.02 07:45;4;20.75;20.5625;20.5;376;202;0
740;2019.04.02 08:00;4;20.5;20.5;20.3125;375;202;0
741;2019.04.02 08:15;4;20.25;20.25;20.125;374;202;0
742;2019.04.02 08:30;4;20.3125;20.25;20.125;374;202;0
743;2019.04.02 08:45;4;20.25;20.125;20;374;202;0
744;2019.04.02 09:00;4;20.375;20.1875;20.125;374;202;0
745;2019.04.02 09:15;4;20.5;20.25;20.125;374;202;0
746;2019.04.02 09:30;4;20.75;20.375;20.375;375;202;0
747;2019.04.02 09:45;4;20.875;20.5;20.5;376;202;0
748;2019.04.02 10:00;4;21.0625;20.625;20.625;377;202;0
749;2019.04.02 10:15;4;21.1875;20.8125;20.8125;377;202;0
750;2019.04.02 10:30;4;21.4375;21;21;378;202;0
751;2019.04.02 10:45;4;21.375;21.125;21.0625;379;202;0
752;2019.04.02 11:00;4;21.5;21.125;21.125;379;202;0
753;2019.04.02 11:15;4;21.75;21.375;21.375;380;202;0
754;2019.04.02 11:30;4;21.875;21.5;21.625;381;202;0
755;2019.04.02 11:45;4;22;21.6875;21.75;381;202;0
756;2019.04.02 12:00;4;22.125;21.8125;21.875;382;202;0
757;2019.04.02 12:15;4;22.25;21.9375;22;383;202;0
758;2019.04.02 12:30;4;22.375;22.0625;22.125;384;202;0
759;2019.04.02 12:45;4;22.375;22.125;22.1875;384;202;0
760;2019.04.02 13:00;4;22.5;22.25;22.25;384;202;0
761;2019.04.02 13:15;4;22.375;22.25;22.25;384;202;0
762;2019.04.02 13:30;4;22.25;22.1875;22.1875;384;202;0
763;2019.04.02 13:45;4;22.25;22.125;22.125;384;202;0
764;2019.04.02 14:00;4;22.3125;22.125;22.125;384;202;0
765;2019.04.02 14:15;4;22.375;22.125;22.125;384;202;0
766;2019.04.02 14:30;4;22.375;22.1875;22.1875;384;202;0
767;2019.04.02 14:45;4;22.3125;22.1875;22.125;384;202;0
768;2019.04.02 15:00;4;22.3125;22.1875;22.125;384;202;0
769;2019.04.02 15:15;4;22.25;22.125;22.125;384;202;0
770;2019.04.02 15:30;4;22.3125;22.1875;22.125;384;202;0
771;2019.04.02 15:45;4;22.25;22.125;22.125;384;202;0
772;2019.04.02 16:00;4;22.3125;22.125;22.125;384;202;0
773;2019.04.02 16:15;4;22.3125;22.1875;22.125;384;202;0
774;2019.04.02 16:30;4;22.25;22.125;22.125;384;202;0
775;2019.04.02 16:45;4;22.25;22.125;22.125;384;202;0
776;2019.04.02 17:00;4;22.25;22.125;22.125;384;202;0
777;2019.04.02 17:15;4;22.25;22.125;22.125;384;202;0
778;2019.04.02 17:30;4;22.1875;22.125;22.0625;384;202;0
779;2019.04.02 17:45;4;22.125;22.0625;22;384;202;0
780;2019.04.02 18:00;4;22.125;22;22;384;202;0
781;2019.04.02 18:15;4;22.125;22;22;383;202;0
782;2019.04.02 18:30;4;22.0625;22;21.875;383;202;0
783;2019.04.02 18:45;4;22;21.9375;21.875;382;202;0
784;2019.04.02 19:00;4;22;21.875;21.875;382;202;0
785;2019.04.02 19:15;4;21.9375;21.875;21.8125;382;202;0
786;2019.04.02 19:30;4;21.875;21.875;21.75;382;202;0
787;2019.04.02 19:45;4;21.875;21.8125;21.75;382;202;0
788;2019.04.02 20:00;4;21.875;21.75;21.75;382;202;0
789;2019.04.02 20:15;4;21.875;21.75;21.6875;382;202;0
790;2019.04.02 20:30;4;21.8125;21.75;21.6875;381;202;0
791;2019.04.02 20:45;4;21.75;21.75;21.625;381;202;0
792;2019.04.02 21:00;4;21.75;21.6875;21.625;381;202;0
793;2019.04.02 21:15;4;21.75;21.625;21.625;381;202;0
794;2019.04.02 21:30;4;21.75;21.625;21.5625;381;202;0
795;2019.04.02 21:45;4;21.6875;21.625;21.5;381;202;0
796;2019.04.02 22:00;4;21.625;21.625;21.5;381;202;0
797;2019.04.02 22:15;4;21.625;21.5625;21.5;381;202;0
798;2019.04.02 22:30;4;21.625;21.5;21.5;381;202;0
799;2019.04.02 22:45;4;21.625;21.5;21.5;380;202;0
800;2019.04.02 23:00;4;21.625;21.5;21.5;380;202;0
801;2019.04.02 23:15;4;21.625;21.5;21.5;380;202;0
802;2019.04.02 23:30;4;21.625;21.5;21.4375;380;202;0
803;2019.04.02 23:45;4;21.625;21.5;21.4375;380;202;0
804;2019.04.03 00:00;4;21.625;21.5;21.4375;380;202;0
805;2019.04.03 00:15;4;21.5625;21.5;21.4375;380;202;0
806;2019.04.03 00:30;4;21.5625;21.5;21.375;380;202;0
807;2019.04.03 00:45;4;21.5625;21.4375;21.375;380;202;0
808;2019.04.03 01:00;4;21.5;21.4375;21.375;380;202;0
809;2019.04.03 01:15;4;21.5;21.4375;21.375;380;202;0
810;2019.04.03 01:30;4;21.5;21.375;21.375;380;202;0
811;2019.04.03 01:45;4;21.5;21.375;21.375;380;202;0
812;2019.04.03 02:00;4;21.5;21.375;21.375;380;202;0
813;2019.04.03 02:15;4;21.5;21.375;21.375;380;202;0
814;2019.04.03 02:30;4;21.5;21.375;21.3125;380;202;0
815;2019.04.03 02:45;4;21.4375;21.375;21.3125;380;202;0
816;2019.04.03 03:00;4;21.4375;21.375;21.3125;380;202;0
817;2019.04.03 03:15;4;21.4375;21.375;21.25;380;202;0
818;2019.04.03 03:30;4;21.375;21.375;21.25;380;202;0
819;2019.04.03 03:45;4;21.375;21.3125;21.25;379;202;0
820;2019.04.03 04:00;4;21.375;21.3125;21.25;379;202;0
821;2019.04.03 04:15;4;21.375;21.25;21.25;379;202;0
822;2019.04.03 04:30;4;21.375;21.25;21.25;379;202;0
823;2019.04.03 04:45;4;21.375;21.25;21.25;379;202;0
824;2019.04.03 05:00;4;21.375;21.25;21.1875;379;202;0
825;2019.04.03 05:15;4;21.375;21.25;21.1875;379;202;0
826;2019.04.03 05:30;4;21.375;21.25;21.1875;379;202;0
827;2019.04.03 05:45;4;21.3125;21.25;21.1875;379;202;0
828;2019.04.03 06:00;4;21.3125;21.25;21.125;379;202;0
829;2019.04.03 06:15;4;21.3125;21.25;21.1875;379;202;0
830;2019.04.03 06:30;4;21.375;21.25;21.1875;379;202;0
831;2019.04.03 06:45;4;21.375;21.25;21.1875;379;202;0
832;2019.04.03 07:00;4;21.375;21.25;21.25;379;202;0
833;2019.04.03 07:15;4;21.375;21.25;21.25;379;202;0
834;2019.04.03 07:30;4;21.4375;21.25;21.25;380;202;0
835;2019.04.03 07:45;4;21.5;21.375;21.3125;380;202;0
836;2019.04.03 08:00;4;21.625;21.375;21.375;380;202;0
837;2019.04.03 08:15;4;21.625;21.4375;21.5;380;202;0
838;2019.04.03 08:30;4;21.75;21.5;21.5;381;202;0
839;2019.04.03 08:45;4;21.8125;21.625;21.625;381;202;0
840;2019.04.03 09:00;4;21.9375;21.6875;21.75;382;202;0
841;2019.04.03 09:15;4;22.125;21.8125;21.875;382;202;0
842;2019.04.03 09:30;4;22.375;22;22;384;202;0
843;2019.04.03 09:45;4;22.5;22.125;22.25;384;202;0
844;2019.04.03 10:00;4;22.6875;22.3125;22.375;385;202;0
845;2019.04.03 10:15;4;22.375;22.25;22.125;384;202;0
846;2019.04.03 10:30;4;22.125;22.0625;21.875;384;202;0
847;2019.04.03 10:45;4;22.0625;21.9375;21.8125;383;202;0
848;2019.04.03 11:00;4;22.125;21.9375;21.875;383;202;0
849;2019.04.03 11:15;4;22.25;22;22;384;202;0
850;2019.04.03 11:30;4;22.375;22.125;22.1875;384;202;0
851;2019.04.03 11:45;4;22.375;22.1875;22.25;384;202;0
852;2019.04.03 12:00;4;22.5;22.25;22.375;384;202;0
853;2019.04.03 12:15;4;22.625;22.375;22.5;385;202;0
854;2019.04.03 12:30;4;22.625;22.5;22.5625;385;202;0
855;2019.04.03 12:45;4;22.5625;22.5;22.5;385;202;0
856;2019.04.03 13:00;4;22.5;22.4375;22.4375;385;202;0
857;2019.04.03 13:15;4;22.5;22.375;22.375;385;202;0
858;2019.04.03 13:30;4;22.5;22.375;22.375;385;202;0
859;2019.04.03 13:45;4;22.375;22.375;22.25;384;202;0
860;2019.04.03 14:00;4;22.125;22.1875;22.125;384;202;0
861;2019.04.03 14:15;4;22.0625;22.0625;22;384;202;0
862;2019.04.03 14:30;4;21.9375;21.9375;21.8125;382;202;0
863;2019.04.03 14:45;4;21.875;21.875;21.6875;382;202;0
864;2019.04.03 15:00;4;21.75;21.75;21.625;381;202;0
865;2019.04.03 15:15;4;21.6875;21.625;21.5;381;202;0
866;2019.04.03 15:30;4;21.8125;21.625;21.625;381;202;0
867;2019.04.03 15:45;4;21.9375;21.75;21.75;381;202;0
868;2019.04.03 16:00;4;22;21.8125;21.8125;382;202;0
869;2019.04.03 16:15;4;22.125;21.875;21.9375;382;202;0
870;2019.04.03 16:30;4;22.125;21.9375;22;383;202;0
871;2019.04.03 16:45;4;22.125;22;22;383;202;0
872;2019.04.03 17:00;4;22.125;22;22;383;202;0
873;2019.04.03 17:15;4;22.125;22;22;383;202;0
874;2019.04.03 17:30;4;22.125;22;22;383;202;0
875;2019.04.03 17:45;4;22.0625;22;22;383;202;0
876;2019.04.03 18:00;4;22;22;21.9375;383;202;0
877;2019.04.03 18:15;4;22;21.9375;21.875;382;202;0
878;2019.04.03 18:30;4;22;21.875;21.875;382;202;0
879;2019.04.03 18:45;4;22;21.875;21.875;382;202;0
880;2019.04.03 19:00;4;21.9375;21.875;21.8125;382;202;0
881;2019.04.03 19:15;4;21.875;21.875;21.75;382;202;0
882;2019.04.03 19:30;4;21.875;21.8125;21.75;382;202;0
883;2019.04.03 19:45;4;21.875;21.75;21.75;382;202;0
884;2019.04.03 20:00;4;21.875;21.75;21.75;382;202;0
885;2019.04.03 20:15;4;21.8125;21.75;21.6875;382;202;0
886;2019.04.03 20:30;4;21.8125;21.75;21.625;381;202;0
887;2019.04.03 20:45;4;21.75;21.6875;21.625;381;202;0
888;2019.04.03 21:00;4;21.75;21.6875;21.625;381;202;0
889;2019.04.03 21:15;4;21.75;21.625;21.625;381;202;0
890;2019.04.03 21:30;4;21.75;21.625;21.625;381;202;0
891;2019.04.03 21:45;4;21.75;21.625;21.5625;381;202;0
892;2019.04.03 22:00;4;21.6875;21.625;21.5625;381;202;0
893;2019.04.03 22:15;4;21.625;21.625;21.5;381;202;0
894;2019.04.03 22:30;4;21.625;21.5625;21.5;381;202;0
895;2019.04.03 22:45;4;21.625;21.5625;21.5;381;202;0
896;2019.04.03 23:00;4;21.625;21.5;21.5;381;202;0
897;2019.04.03 23:15;4;21.625;21.5;21.5;381;202;0
898;2019.04.03 23:30;4;21.625;21.5;21.5;380;202;0
899;2019.04.03 23:45;4;21.625;21.5;21.5;380;202;0
900;2019.04.04 00:00;4;21.625;21.5;21.5;380;202;0
901;2019.04.04 00:15;4;21.625;21.5;21.4375;380;202;0
902;2019.04.04 00:30;4;21.5625;21.5;21.4375;380;202;0
903;2019.04.04 00:45;4;21.5625;21.5;21.375;380;202;0
904;2019.04.04 01:00;4;21.5625;21.5;21.375;380;202;0
905;2019.04.04 01:15;4;21.5;21.4375;21.375;380;202;0
906;2019.04.04 01:30;4;21.5;21.4375;21.375;380;202;0
907;2019.04.04 01:45;4;21.5;21.375;21.375;380;202;0
908;2019.04.04 02:00;4;21.5;21.375;21.375;380;202;0
909;2019.04.04 02:15;4;21.5;21.375;21.375;380;202;0
910;2019.04.04 02:30;4;21.5;21.375;21.375;380;202;0
911;2019.04.04 02:45;4;21.5;21.375;21.375;380;202;0
912;2019.04.04 03:00;4;21.5;21.375;21.375;380;202;0
913;2019.04.04 03:15;4;21.5;21.375;21.375;380;202;0
914;2019.04.04 03:30;4;21.5;21.375;21.375;380;202;0
915;2019.04.04 03:45;4;21.5;21.375;21.375;380;202;0
916;2019.04.04 04:00;4;21.5;21.375;21.3125;380;202;0
917;2019.04.04 04:15;4;21.5;21.375;21.3125;380;202;0
918;2019.04.04 04:30;4;21.5;21.375;21.375;380;202;0
919;2019.04.04 04:45;4;21.5;21.375;21.3125;380;202;0
920;2019.04.04 05:00;4;21.5;21.375;21.25;380;202;0
921;2019.04.04 05:15;4;21.4375;21.375;21.25;380;202;0
922;2019.04.04 05:30;4;21.4375;21.375;21.25;380;202;0
923;2019.04.04 05:45;4;21.4375;21.375;21.25;380;202;0
924;2019.04.04 06:00;4;21.4375;21.3125;21.25;380;202;0
925;2019.04.04 06:15;4;21.4375;21.3125;21.25;380;202;0
926;2019.04.04 06:30;4;21.4375;21.375;21.25;380;202;0
927;2019.04.04 06:45;4;21.375;21.25;21.1875;379;202;0
928;2019.04.04 07:00;4;21.375;21.25;21.1875;379;202;0
929;2019.04.04 07:15;4;20.875;21;20.6875;378;202;0
930;2019.04.04 07:30;4;20.75;20.75;20.5;377;202;0
931;2019.04.04 07:45;4;20.75;20.625;20.375;376;202;0
932;2019.04.04 08:00;4;20.625;20.5625;20.25;376;202;0
933;2019.04.04 08:15;4;20.625;20.5;20.25;376;202;0
934;2019.04.04 08:30;4;20.375;20.375;20.125;375;202;0
935;2019.04.04 08:45;4;20.25;20.25;20;374;202;0
936;2019.04.04 09:00;4;20.125;20.125;19.875;374;202;0
937;2019.04.04 09:15;4;20.375;20.125;20.0625;374;202;0
938;2019.04.04 09:30;4;20.4375;20.1875;20.125;374;202;0
939;2019.04.04 09:45;4;20.5;20.25;20.25;375;202;0
940;2019.04.04 10:00;4;20.75;20.375;20.5;376;202;0
941;2019.04.04 10:15;4;20.9375;20.625;20.625;376;202;0
942;2019.04.04 10:30;4;21.125;20.75;20.75;377;202;0
943;2019.04.04 10:45;4;21.25;20.875;21;378;202;0
944;2019.04.04 11:00;4;21.5625;21.125;21.25;379;202;0
945;2019.04.04 11:15;4;21.6875;21.25;21.375;380;202;0
946;2019.04.04 11:30;4;21.5;21.3125;21.3125;380;202;0
947;2019.04.04 11:45;4;21.5;21.25;21.25;380;202;0
948;2019.04.04 12:00;4;21.375;21.25;21.25;380;202;0
949;2019.04.04 12:15;4;21.5;21.3125;21.375;380;202;0
950;2019.04.04 12:30;4;21.75;21.5;21.5625;383;202;0
951;2019.04.04 12:45;4;21.875;21.625;21.6875;384;202;0
952;2019.04.04 13:00;4;22;21.75;21.75;371;202;0
953;2019.04.04 13:15;4;21.9375;21.8125;21.75;371;202;0
954;2019.04.04 13:30;4;21.875;21.75;21.75;371;202;0
955;2019.04.04 13:45;4;21.875;21.75;21.75;371;202;0
956;2019.04.04 14:00;4;21.875;21.75;21.75;371;202;0
957;2019.04.04 14:15;4;21.875;21.75;21.75;371;202;0
958;2019.04.04 14:30;4;21.875;21.75;21.75;371;202;0
959;2019.04.04 14:45;4;21.875;21.75;21.625;371;202;0
960;2019.04.04 15:00;4;21.75;21.625;21.5;370;202;0
961;2019.04.04 15:15;4;21.625;21.5;21.375;369;202;0
962;2019.04.04 15:30;4;21.5;21.4375;21.25;369;202;0
963;2019.04.04 15:45;4;21.375;21.3125;21.125;369;202;0
964;2019.04.04 16:00;4;21.5;21.3125;21.25;369;202;0
965;2019.04.04 16:15;4;21.5;21.375;21.375;369;202;0
966;2019.04.04 16:30;4;21.625;21.375;21.4375;369;202;0
967;2019.04.04 16:45;4;21.625;21.5;21.5;370;202;0
968;2019.04.04 17:00;4;21.625;21.5;21.5;370;202;0
969;2019.04.04 17:15;4;21.6875;21.5;21.5;370;202;0
970;2019.04.04 17:30;4;21.75;21.5625;21.5;370;202;0
971;2019.04.04 17:45;4;21.75;21.5625;21.5;370;202;0
972;2019.04.04 18:00;4;21.75;21.5625;21.5;370;202;0
973;2019.04.04 18:15;4;21.75;21.625;21.5;370;202;0
974;2019.04.04 18:30;4;21.75;21.625;21.5;370;202;0
975;2019.04.04 18:45;4;21.75;21.625;21.5;370;202;0
976;2019.04.04 19:00;4;21.75;21.625;21.5;370;202;0
977;2019.04.04 19:15;4;21.75;21.625;21.5;370;202;0
978;2019.04.04 19:30;4;21.75;21.625;21.5;370;202;0
979;2019.04.04 19:45;4;21.75;21.625;21.5;370;202;0
980;2019.04.04 20:00;4;21.75;21.625;21.5;370;202;0
981;2019.04.04 20:15;4;21.75;21.625;21.5;370;202;0
982;2019.04.04 20:30;4;21.75;21.625;21.5;370;202;0
983;2019.04.04 20:45;4;21.75;21.5625;21.5;370;202;0
984;2019.04.04 21:00;4;21.75;21.5625;21.5;370;202;0
985;2019.04.04 21:15;4;21.6875;21.5625;21.5;370;202;0
986;2019.04.04 21:30;4;21.6875;21.5625;21.5;370;202;0
987;2019.04.04 21:45;4;21.6875;21.5625;21.5;370;202;0
988;2019.04.04 22:00;4;21.6875;21.5;21.5;370;202;0
989;2019.04.04 22:15;4;21.6875;21.5;21.5;370;202;0
990;2019.04.04 22:30;4;21.625;21.5;21.4375;370;202;0
991;2019.04.04 22:45;4;21.625;21.5;21.4375;370;202;0
992;2019.04.04 23:00;4;21.625;21.5;21.4375;370;202;0
993;2019.04.04 23:15;4;21.625;21.5;21.4375;370;202;0
994;2019.04.04 23:30;4;21.625;21.5;21.4375;370;202;0
995;2019.04.04 23:45;4;21.625;21.5;21.4375;370;202;0
996;2019.04.05 00:00;4;21.625;21.5;21.4375;370;202;0
997;2019.04.05 00:15;4;21.625;21.5;21.375;370;202;0
998;2019.04.05 00:30;4;21.625;21.5;21.4375;370;202;0
999;2019.04.05 00:45;4;21.625;21.5;21.375;370;202;0
1000;2019.04.05 01:00;4;21.625;21.5;21.4375;370;202;0
1001;2019.04.05 01:15;4;21.625;21.5;21.375;370;202;0
1002;2019.04.05 01:30;4;21.625;21.5;21.375;370;202;0
1003;2019.04.05 01:45;4;21.625;21.5;21.375;370;202;0
1004;2019.04.05 02:00;4;21.625;21.5;21.375;370;202;0
1005;2019.04.05 02:15;4;21.625;21.5;21.375;370;202;0
1006;2019.04.05 02:30;4;21.625;21.5;21.375;370;202;0
1007;2019.04.05 02:45;4;21.625;21.5;21.375;370;202;0
1008;2019.04.05 03:00;4;21.625;21.5;21.375;370;202;0
1009;2019.04.05 03:15;4;21.625;21.5;21.375;370;202;0
1010;2019.04.05 03:30;4;21.625;21.5;21.375;370;202;0
1011;2019.04.05 03:45;4;21.625;21.4375;21.375;370;202;0
1012;2019.04.05 04:00;4;21.625;21.4375;21.375;370;202;0
1013;2019.04.05 04:15;4;21.5625;21.4375;21.375;370;202;0
1014;2019.04.05 04:30;4;21.5625;21.4375;21.375;370;202;0
1015;2019.04.05 04:45;4;21.625;21.4375;21.375;370;202;0
1016;2019.04.05 05:00;4;21.5625;21.375;21.3125;370;202;0
1017;2019.04.05 05:15;4;21.5;21.375;21.25;369;202;0
1018;2019.04.05 05:30;4;21.5;21.375;21.25;369;202;0
1019;2019.04.05 05:45;4;21.5;21.375;21.25;369;202;0
1020;2019.04.05 06:00;4;21.5;21.375;21.25;369;202;0
1021;2019.04.05 06:15;4;21.5;21.375;21.25;369;202;0
1022;2019.04.05 06:30;4;21.5;21.375;21.25;369;202;0
1023;2019.04.05 06:45;4;21.5;21.375;21.375;369;202;0
1024;2019.04.05 07:00;4;21.5625;21.375;21.375;370;202;0
1025;2019.04.05 07:15;4;21.625;21.4375;21.4375;370;202;0
1026;2019.04.05 07:30;4;21.5;21.375;21.25;370;202;0
1027;2019.04.05 07:45;4;21.4375;21.3125;21.125;369;202;0
1028;2019.04.05 08:00;4;21.4375;21.25;21.125;369;202;0
1029;2019.04.05 08:15;4;21.4375;21.25;21.125;369;202;0
1030;2019.04.05 08:30;4;21.5;21.25;21.1875;369;202;0
1031;2019.04.05 08:45;4;21.5;21.25;21.1875;369;202;0
1032;2019.04.05 09:00;4;21.4375;21.25;21.125;369;202;0
1033;2019.04.05 09:15;4;21.4375;21.25;21.125;369;202;0
1034;2019.04.05 09:30;4;21.3125;21.125;21;368;202;0
1035;2019.04.05 09:45;4;21.25;21.125;21;368;202;0
1036;2019.04.05 10:00;4;21.125;21;20.875;367;202;0
1037;2019.04.05 10:15;4;20.9375;20.75;20.5;366;202;0
1038;2019.04.05 10:30;4;21.0625;20.8125;20.875;367;202;0
1039;2019.04.05 10:45;4;21.25;21;21.1875;368;202;0
1040;2019.04.05 11:00;4;21.5;21.25;21.5;369;202;0
1041;2019.04.05 11:15;4;21.875;21.5;21.875;366;202;0
1042;2019.04.05 11:30;4;21.875;21.625;22;366;202;0
1043;2019.04.05 11:45;4;22;21.75;22.1875;371;202;0
1044;2019.04.05 12:00;4;22;21.875;22.6875;372;202;0
1045;2019.04.05 12:15;4;22.4375;22.125;24.1875;373;202;0
1046;2019.04.05 12:30;4;22.375;22.375;23.875;374;202;0
1047;2019.04.05 12:45;4;22.25;22.375;23.25;374;202;0
1048;2019.04.05 13:00;4;22.25;22.3125;23;374;202;0
1049;2019.04.05 13:15;4;22.3125;22.375;22.875;374;202;0
1050;2019.04.05 13:30;4;22.375;22.375;22.75;374;202;0
1051;2019.04.05 13:45;4;22.5;22.375;22.5;370;202;0
1052;2019.04.05 14:00;4;22.4375;22.375;22.375;370;202;0
1053;2019.04.05 14:15;4;22.375;22.3125;22.25;371;202;0
1054;2019.04.05 14:30;4;22.375;22.3125;22.25;371;202;0
1055;2019.04.05 14:45;4;22.125;22.25;22.125;370;202;0
1056;2019.04.05 15:00;4;21.75;22;21.875;369;202;0
1057;2019.04.05 15:15;4;21.625;21.875;21.75;368;202;0
1058;2019.04.05 15:30;4;21.625;21.75;21.625;368;202;0
1059;2019.04.05 15:45;4;21;21.4375;21.25;366;202;0
1060;2019.04.05 16:00;4;21.375;21.375;21.25;366;202;0
1061;2019.04.05 16:15;4;21.625;21.4375;21.375;366;202;0
1062;2019.04.05 16:30;4;21.75;21.5;21.5;367;202;0
1063;2019.04.05 16:45;4;21.75;21.625;21.5625;367;202;0
1064;2019.04.05 17:00;4;21.875;21.625;21.625;367;202;0
1065;2019.04.05 17:15;4;21.875;21.625;21.625;368;202;0
1066;2019.04.05 17:30;4;21.875;21.6875;21.6875;368;202;0
1067;2019.04.05 17:45;4;21.875;21.75;21.75;368;202;0
1068;2019.04.05 18:00;4;21.9375;21.75;21.75;368;202;0
1069;2019.04.05 18:15;4;21.9375;21.75;21.75;368;202;0
1070;2019.04.05 18:30;4;21.9375;21.75;21.75;368;202;0
1071;2019.04.05 18:45;4;21.9375;21.75;21.75;368;202;0
1072;2019.04.05 19:00;4;21.9375;21.75;21.75;368;202;0
1073;2019.04.05 19:15;4;21.9375;21.75;21.75;368;202;0
1074;2019.04.05 19:30;4;21.9375;21.75;21.75;368;202;0
1075;2019.04.05 19:45;4;21.875;21.75;21.75;368;202;0
1076;2019.04.05 20:00;4;21.875;21.75;21.75;368;202;0
1077;2019.04.05 20:15;4;21.875;21.75;21.75;368;202;0
1078;2019.04.05 20:30;4;21.875;21.75;21.75;368;202;0
1079;2019.04.05 20:45;4;21.875;21.75;21.75;368;202;0
1080;2019.04.05 21:00;4;21.875;21.75;21.75;368;202;0
1081;2019.04.05 21:15;4;21.875;21.75;21.75;368;202;0
1082;2019.04.05 21:30;4;21.875;21.75;21.75;368;202;0
1083;2019.04.05 21:45;4;21.875;21.75;21.75;368;202;0
1084;2019.04.05 22:00;4;21.875;21.75;21.75;368;202;0
1085;2019.04.05 22:15;4;21.875;21.75;21.6875;368;202;0
1086;2019.04.05 22:30;4;21.875;21.75;21.6875;368;202;0
1087;2019.04.05 22:45;4;21.875;21.75;21.6875;368;202;0
1088;2019.04.05 23:00;4;21.875;21.75;21.6875;368;202;0
1089;2019.04.05 23:15;4;21.875;21.75;21.6875;368;202;0
1090;2019.04.05 23:30;4;21.875;21.75;21.6875;368;202;0
1091;2019.04.05 23:45;4;21.875;21.75;21.625;368;202;0
1092;2019.04.06 00:00;4;21.875;21.75;21.625;368;202;0
1093;2019.04.06 00:15;4;21.8125;21.75;21.625;368;202;0
1094;2019.04.06 00:30;4;21.8125;21.75;21.625;368;202;0
1095;2019.04.06 00:45;4;21.8125;21.75;21.625;368;202;0
1096;2019.04.06 01:00;4;21.8125;21.75;21.625;368;202;0
1097;2019.04.06 01:15;4;21.8125;21.6875;21.625;368;202;0
1098;2019.04.06 01:30;4;21.8125;21.6875;21.625;368;202;0
1099;2019.04.06 01:45;4;21.75;21.6875;21.625;368;202;0
1100;2019.04.06 02:00;4;21.75;21.6875;21.625;368;202;0
1101;2019.04.06 02:15;4;21.75;21.6875;21.625;368;202;0
1102;2019.04.06 02:30;4;21.75;21.625;21.625;368;202;0
1103;2019.04.06 02:45;4;21.75;21.625;21.625;368;202;0
1104;2019.04.06 03:00;4;21.75;21.625;21.625;368;202;0
1105;2019.04.06 03:15;4;21.75;21.625;21.625;368;202;0
1106;2019.04.06 03:30;4;21.75;21.625;21.625;368;202;0
1107;2019.04.06 03:45;4;21.75;21.625;21.5625;368;202;0
1108;2019.04.06 04:00;4;21.75;21.625;21.5625;368;202;0
1109;2019.04.06 04:15;4;21.75;21.625;21.5625;368;202;0
1110;2019.04.06 04:30;4;21.75;21.625;21.5625;367;202;0
1111;2019.04.06 04:45;4;21.75;21.625;21.5;367;202;0
1112;2019.04.06 05:00;4;21.6875;21.625;21.5;367;202;0
1113;2019.04.06 05:15;4;21.6875;21.625;21.5;367;202;0
1114;2019.04.06 05:30;4;21.6875;21.625;21.5;367;202;0
1115;2019.04.06 05:45;4;21.6875;21.625;21.5;367;202;0
1116;2019.04.06 06:00;4;21.75;21.625;21.5;367;202;0
1117;2019.04.06 06:15;4;21.75;21.625;21.5;367;202;0
1118;2019.04.06 06:30;4;21.75;21.625;21.5;367;202;0
1119;2019.04.06 06:45;4;21.75;21.625;21.5;367;202;0
1120;2019.04.06 07:00;4;21.75;21.625;21.5;368;202;0
1121;2019.04.06 07:15;4;21.75;21.625;21.5625;368;202;0
1122;2019.04.06 07:30;4;21.8125;21.625;21.625;368;202;0
1123;2019.04.06 07:45;4;21.875;21.625;21.625;368;202;0
1124;2019.04.06 08:00;4;21.9375;21.75;21.6875;368;202;0
1125;2019.04.06 08:15;4;22;21.75;21.75;368;202;0
1126;2019.04.06 08:30;4;22.125;21.8125;21.8125;369;202;0
1127;2019.04.06 08:45;4;22.1875;21.875;21.875;369;202;0
1128;2019.04.06 09:00;4;22.3125;22;22;370;202;0
1129;2019.04.06 09:15;4;22.5625;22.125;22.125;370;202;0
1130;2019.04.06 09:30;4;22.8125;22.25;22.25;371;202;0
1131;2019.04.06 09:45;4;22.875;22.375;22.375;372;202;0
1132;2019.04.06 10:00;4;23;22.5;22.4375;372;202;0
1133;2019.04.06 10:15;4;23;22.5625;22.5;373;202;0
1134;2019.04.06 10:30;4;23;22.625;22.625;373;202;0
1135;2019.04.06 10:45;4;23.0625;22.6875;22.6875;373;202;0
1136;2019.04.06 11:00;4;23;22.75;22.6875;373;202;0
1137;2019.04.06 11:15;4;23;22.75;22.6875;373;202;0
1138;2019.04.06 11:30;4;23;22.75;22.75;373;202;0
1139;2019.04.06 11:45;4;23.0625;22.75;22.75;374;202;0
1140;2019.04.06 12:00;4;23.125;22.8125;22.875;374;202;0
1141;2019.04.06 12:15;4;23.1875;22.875;22.875;374;202;0
1142;2019.04.06 12:30;4;23.25;22.875;22.9375;374;202;0
1143;2019.04.06 12:45;4;23.1875;22.9375;23;375;202;0
1144;2019.04.06 13:00;4;23.125;23;23;375;202;0
1145;2019.04.06 13:15;4;23.125;22.9375;23;374;202;0
1146;2019.04.06 13:30;4;23.125;22.9375;22.9375;374;202;0
1147;2019.04.06 13:45;4;23.0625;22.875;22.875;374;202;0
1148;2019.04.06 14:00;4;23;22.875;22.875;374;202;0
1149;2019.04.06 14:15;4;23;22.875;22.875;374;202;0
1150;2019.04.06 14:30;4;23;22.875;22.875;374;202;0
1151;2019.04.06 14:45;4;23;22.875;22.875;374;202;0
1152;2019.04.06 15:00;4;22.9375;22.875;22.8125;374;202;0
1153;2019.04.06 15:15;4;22.9375;22.8125;22.75;374;202;0
1154;2019.04.06 15:30;4;22.875;22.75;22.75;374;202;0
1155;2019.04.06 15:45;4;22.875;22.75;22.75;374;202;0
1156;2019.04.06 16:00;4;22.875;22.75;22.75;373;202;0
1157;2019.04.06 16:15;4;22.8125;22.75;22.625;373;202;0
1158;2019.04.06 16:30;4;22.75;22.6875;22.625;373;202;0
1159;2019.04.06 16:45;4;22.75;22.625;22.625;373;202;0
1160;2019.04.06 17:00;4;22.6875;22.625;22.5625;373;202;0
1161;2019.04.06 17:15;4;22.625;22.625;22.5;373;202;0
1162;2019.04.06 17:30;4;22.625;22.5625;22.5;372;202;0
1163;2019.04.06 17:45;4;22.625;22.5;22.5;372;202;0
1164;2019.04.06 18:00;4;22.5625;22.5;22.4375;372;202;0
1165;2019.04.06 18:15;4;22.5625;22.5;22.375;372;202;0
1166;2019.04.06 18:30;4;22.5;22.5;22.375;372;202;0
1167;2019.04.06 18:45;4;22.5;22.4375;22.375;372;202;0
1168;2019.04.06 19:00;4;22.5;22.375;22.3125;372;202;0
1169;2019.04.06 19:15;4;22.4375;22.375;22.3125;371;202;0
1170;2019.04.06 19:30;4;22.375;22.375;22.25;371;202;0
1171;2019.04.06 19:45;4;22.375;22.3125;22.25;371;202;0
1172;2019.04.06 20:00;4;22.375;22.3125;22.25;371;202;0
1173;2019.04.06 20:15;4;22.375;22.25;22.1875;371;202;0
1174;2019.04.06 20:30;4;22.3125;22.25;22.1875;371;202;0
1175;2019.04.06 20:45;4;22.3125;22.25;22.125;371;202;0
1176;2019.04.06 21:00;4;22.25;22.25;22.125;371;202;0
1177;2019.04.06 21:15;4;22.25;22.1875;22.125;371;202;0
1178;2019.04.06 21:30;4;22.25;22.125;22.125;370;202;0
1179;2019.04.06 21:45;4;22.25;22.125;22.0625;370;202;0
1180;2019.04.06 22:00;4;22.1875;22.125;22;370;202;0
1181;2019.04.06 22:15;4;22.125;22.125;22;370;202;0
1182;2019.04.06 22:30;4;22.125;22.125;22;370;202;0
1183;2019.04.06 22:45;4;22.125;22.0625;22;370;202;0
1184;2019.04.06 23:00;4;22.125;22;22;370;202;0
1185;2019.04.06 23:15;4;22.125;22;22;370;202;0
1186;2019.04.06 23:30;4;22.125;22;21.9375;370;202;0
1187;2019.04.06 23:45;4;22.0625;22;21.875;370;202;0
1188;2019.04.07 00:00;4;22.0625;22;21.875;369;202;0
1189;2019.04.07 00:15;4;22;22;21.875;369;202;0
1190;2019.04.07 00:30;4;22;21.9375;21.875;369;202;0
1191;2019.04.07 00:45;4;22;21.9375;21.875;369;202;0
1192;2019.04.07 01:00;4;22;21.875;21.875;369;202;0
1193;2019.04.07 01:15;4;22;21.875;21.8125;369;202;0
1194;2019.04.07 01:30;4;22;21.875;21.8125;369;202;0
1195;2019.04.07 01:45;4;21.9375;21.875;21.75;369;202;0
1196;2019.04.07 02:00;4;21.9375;21.875;21.75;369;202;0
1197;2019.04.07 02:15;4;21.875;21.875;21.75;369;202;0
1198;2019.04.07 02:30;4;21.875;21.8125;21.75;369;202;0
1199;2019.04.07 02:45;4;21.875;21.8125;21.75;369;202;0
1200;2019.04.07 03:00;4;21.875;21.75;21.75;369;202;0
1201;2019.04.07 03:15;4;21.875;21.75;21.75;369;202;0
1202;2019.04.07 03:30;4;21.875;21.75;21.6875;368;202;0
1203;2019.04.07 03:45;4;21.875;21.75;21.6875;368;202;0
1204;2019.04.07 04:00;4;21.8125;21.75;21.625;368;202;0
1205;2019.04.07 04:15;4;21.75;21.75;21.625;368;202;0
1206;2019.04.07 04:30;4;21.75;21.75;21.625;368;202;0
1207;2019.04.07 04:45;4;21.75;21.6875;21.625;368;202;0
1208;2019.04.07 05:00;4;21.75;21.6875;21.625;368;202;0
1209;2019.04.07 05:15;4;21.75;21.625;21.625;368;202;0
1210;2019.04.07 05:30;4;21.75;21.625;21.625;368;202;0
1211;2019.04.07 05:45;4;21.75;21.625;21.625;368;202;0
1212;2019.04.07 06:00;4;21.75;21.625;21.625;368;202;0
1213;2019.04.07 06:15;4;21.75;21.625;21.625;368;202;0
1214;2019.04.07 06:30;4;21.75;21.625;21.625;368;202;0
1215;2019.04.07 06:45;4;21.75;21.625;21.625;368;202;0
1216;2019.04.07 07:00;4;21.8125;21.625;21.625;368;202;0
1217;2019.04.07 07:15;4;21.875;21.6875;21.625;368;202;0
1218;2019.04.07 07:30;4;21.875;21.75;21.6875;368;202;0
1219;2019.04.07 07:45;4;22;21.75;21.75;369;202;0
1220;2019.04.07 08:00;4;22;21.8125;21.75;369;202;0
1221;2019.04.07 08:15;4;22.125;21.875;21.875;369;202;0
1222;2019.04.07 08:30;4;22.1875;21.875;21.875;370;202;0
1223;2019.04.07 08:45;4;22.25;22;22;370;202;0
1224;2019.04.07 09:00;4;22.375;22.0625;22.0625;370;202;0
1225;2019.04.07 09:15;4;22.625;22.125;22.125;371;202;0
1226;2019.04.07 09:30;4;22.875;22.3125;22.3125;372;202;0
1227;2019.04.07 09:45;4;23;22.4375;22.4375;373;202;0
1228;2019.04.07 10:00;4;23.125;22.5625;22.5625;373;202;0
1229;2019.04.07 10:15;4;23.125;22.625;22.625;373;202;0
1230;2019.04.07 10:30;4;23.125;22.75;22.6875;374;202;0
1231;2019.04.07 10:45;4;23.125;22.75;22.75;374;202;0
1232;2019.04.07 11:00;4;23.125;22.75;22.75;374;202;0
1233;2019.04.07 11:15;4;23.125;22.8125;22.75;374;202;0
1234;2019.04.07 11:30;4;23.0625;22.8125;22.8125;374;202;0
1235;2019.04.07 11:45;4;23;22.8125;22.75;374;202;0
1236;2019.04.07 12:00;4;23;22.75;22.75;374;202;0
1237;2019.04.07 12:15;4;22.9375;22.75;22.75;374;202;0
1238;2019.04.07 12:30;4;22.9375;22.75;22.75;374;202;0
1239;2019.04.07 12:45;4;22.875;22.75;22.75;374;202;0
1240;2019.04.07 13:00;4;22.875;22.75;22.6875;374;202;0
1241;2019.04.07 13:15;4;22.875;22.75;22.6875;373;202;0
1242;2019.04.07 13:30;4;22.8125;22.6875;22.625;373;202;0
1243;2019.04.07 13:45;4;22.8125;22.625;22.625;373;202;0
1244;2019.04.07 14:00;4;22.75;22.625;22.625;373;202;0
1245;2019.04.07 14:15;4;22.75;22.625;22.625;373;202;0
1246;2019.04.07 14:30;4;22.75;22.625;22.5625;373;202;0
1247;2019.04.07 14:45;4;22.6875;22.625;22.5;373;202;0
1248;2019.04.07 15:00;4;22.6875;22.5625;22.5;373;202;0
1249;2019.04.07 15:15;4;22.625;22.5;22.5;373;202;0
1250;2019.04.07 15:30;4;22.625;22.5;22.5;373;202;0
1251;2019.04.07 15:45;4;22.625;22.5;22.5;372;202;0
1252;2019.04.07 16:00;4;22.625;22.5;22.4375;372;202;0
1253;2019.04.07 16:15;4;22.5625;22.5;22.375;372;202;0
1254;2019.04.07 16:30;4;22.5;22.4375;22.375;372;202;0
1255;2019.04.07 16:45;4;22.5;22.375;22.375;372;202;0
1256;2019.04.07 17:00;4;22.5;22.375;22.375;372;202;0
1257;2019.04.07 17:15;4;22.5;22.375;22.3125;372;202;0
1258;2019.04.07 17:30;4;22.4375;22.375;22.25;372;202;0
1259;2019.04.07 17:45;4;22.375;22.3125;22.25;371;202;0
1260;2019.04.07 18:00;4;22.375;22.3125;22.25;371;202;0
1261;2019.04.07 18:15;4;22.375;22.25;22.25;371;202;0
1262;2019.04.07 18:30;4;22.375;22.25;22.1875;371;202;0
1263;2019.04.07 18:45;4;22.3125;22.25;22.1875;371;202;0
1264;2019.04.07 19:00;4;22.25;22.25;22.125;371;202;0
1265;2019.04.07 19:15;4;22.25;22.1875;22.125;371;202;0
1266;2019.04.07 19:30;4;22.25;22.125;22.125;371;202;0
1267;2019.04.07 19:45;4;22.25;22.125;22.125;371;202;0
1268;2019.04.07 20:00;4;22.1875;22.125;22.0625;370;202;0
1269;2019.04.07 20:15;4;22.125;22.125;22;370;202;0
1270;2019.04.07 20:30;4;22.125;22.0625;22;370;202;0
1271;2019.04.07 20:45;4;22.125;22.0625;22;370;202;0
1272;2019.04.07 21:00;4;22.125;22;22;370;202;0
1273;2019.04.07 21:15;4;22.125;22;21.9375;370;202;0
1274;2019.04.07 21:30;4;22.0625;22;21.9375;370;202;0
1275;2019.04.07 21:45;4;22;22;21.875;370;202;0
1276;2019.04.07 22:00;4;22;22;21.875;370;202;0
1277;2019.04.07 22:15;4;22;21.9375;21.875;370;202;0
1278;2019.04.07 22:30;4;22;21.875;21.875;369;202;0
1279;2019.04.07 22:45;4;22;21.875;21.875;369;202;0
1280;2019.04.07 23:00;4;21.9375;21.875;21.8125;369;202;0
1281;2019.04.07 23:15;4;21.9375;21.875;21.8125;369;202;0
1282;2019.04.07 23:30;4;21.875;21.875;21.75;369;202;0
1283;2019.04.07 23:45;4;21.875;21.8125;21.75;369;202;0
1284;2019.04.08 00:00;4;21.875;21.8125;21.75;369;202;0
1285;2019.04.08 00:15;4;21.875;21.8125;21.75;369;202;0
1286;2019.04.08 00:30;4;21.875;21.75;21.75;369;202;0
1287;2019.04.08 00:45;4;21.875;21.75;21.75;369;202;0
1288;2019.04.08 01:00;4;21.8125;21.75;21.6875;369;202;0
1289;2019.04.08 01:15;4;21.8125;21.75;21.6875;369;202;0
1290;2019.04.08 01:30;4;21.8125;21.75;21.625;369;202;0
1291;2019.04.08 01:45;4;21.75;21.75;21.625;368;202;0
1292;2019.04.08 02:00;4;21.75;21.6875;21.625;368;202;0
1293;2019.04.08 02:15;4;21.75;21.6875;21.625;368;202;0
1294;2019.04.08 02:30;4;21.75;21.625;21.625;368;202;0
1295;2019.04.08 02:45;4;21.75;21.625;21.625;368;202;0
1296;2019.04.08 03:00;4;21.75;21.625;21.625;368;202;0
1297;2019.04.08 03:15;4;21.75;21.625;21.625;368;202;0
1298;2019.04.08 03:30;4;21.75;21.625;21.5625;368;202;0
1299;2019.04.08 03:45;4;21.6875;21.625;21.5625;368;202;0
1300;2019.04.08 04:00;4;21.6875;21.625;21.5625;368;202;0
1301;2019.04.08 04:15;4;21.6875;21.625;21.5625;368;202;0
1302;2019.04.08 04:30;4;21.75;21.625;21.5;368;202;0
1303;2019.04.08 04:45;4;21.625;21.625;21.5;368;202;0
1304;2019.04.08 05:00;4;21.625;21.5625;21.5;368;202;0
1305;2019.04.08 05:15;4;21.625;21.5;21.5;368;202;0
1306;2019.04.08 05:30;4;21.625;21.5;21.5;368;202;0
1307;2019.04.08 05:45;4;21.625;21.5;21.5;368;202;0
1308;2019.04.08 06:00;4;21.625;21.5;21.5;368;202;0
1309;2019.04.08 06:15;4;21.625;21.5;21.5;368;202;0
1310;2019.04.08 06:30;4;21.625;21.5;21.5;368;202;0
1311;2019.04.08 06:45;4;21.625;21.5;21.5;368;202;0
1312;2019.04.08 07:00;4;21.625;21.5;21.5;368;202;0
1313;2019.04.08 07:15;4;21.625;21.5;21.5;368;202;0
1314;2019.04.08 07:30;4;21.75;21.5625;21.5;368;202;0
1315;2019.04.08 07:45;4;21.75;21.625;21.625;368;202;0
1316;2019.04.08 08:00;4;21.875;21.625;21.625;368;202;0
1317;2019.04.08 08:15;4;21.9375;21.6875;21.6875;369;202;0
1318;2019.04.08 08:30;4;22;21.75;21.75;369;202;0
1319;2019.04.08 08:45;4;22.125;21.8125;21.8125;369;202;0
1320;2019.04.08 09:00;4;22.25;21.875;21.875;370;202;0
1321;2019.04.08 09:15;4;22.375;22;22;370;202;0
1322;2019.04.08 09:30;4;22.375;22;22;371;202;0
1323;2019.04.08 09:45;4;22.1875;22;21.875;370;202;0
1324;2019.04.08 10:00;4;22.1875;22;21.875;370;202;0
1325;2019.04.08 10:15;4;22.3125;22;21.9375;370;202;0
1326;2019.04.08 10:30;4;22.4375;22.0625;22;370;202;0
1327;2019.04.08 10:45;4;22.375;22.125;22.0625;371;202;0
1328;2019.04.08 11:00;4;22.4375;22.125;22.125;370;202;0
1329;2019.04.08 11:15;4;22.75;22.25;22.375;371;202;0
1330;2019.04.08 11:30;4;23;22.5;22.625;360;202;0
1331;2019.04.08 11:45;4;23.25;22.75;23.125;372;202;0
1332;2019.04.08 12:00;4;23.3125;22.9375;23.25;370;202;0
1333;2019.04.08 12:15;4;23.25;23;23.125;371;202;0
1334;2019.04.08 12:30;4;23.4375;23.625;23.25;386;202;0
1335;2019.04.08 12:45;4;23.375;23.625;23.75;386;202;0
1336;2019.04.08 13:00;4;23.3125;23.5;23.625;387;202;0
1337;2019.04.08 13:15;4;23.375;23.375;23;380;202;0
1338;2019.04.08 13:30;4;23.375;23.5;23.25;423;202;0
1339;2019.04.08 13:45;4;21.75;22.625;21.625;386;202;0
1340;2019.04.08 14:00;4;22;22.125;21.625;393;202;0
1341;2019.04.08 14:15;4;21.75;21.8125;21.625;391;202;0
1342;2019.04.08 14:30;4;21.5;21.625;21.5625;391;202;0
1343;2019.04.08 14:45;4;21.375;21.4375;21.5;390;202;0
1344;2019.04.08 15:00;4;21.5;21.375;21.4375;345;202;0
1345;2019.04.08 15:15;4;21.5;21.4375;21.4375;345;202;0
1346;2019.04.08 15:30;4;21.5;21.4375;21.375;346;202;0
1347;2019.04.08 15:45;4;21.5;21.4375;21.375;346;202;0
1348;2019.04.08 16:00;4;21.6875;21.4375;21.4375;373;202;0
1349;2019.04.08 16:15;4;22.625;22.125;22.875;377;202;0
1350;2019.04.08 16:30;4;22.875;22.5;23;379;202;0
1351;2019.04.08 16:45;4;22.875;22.6875;23;380;202;0
1352;2019.04.08 17:00;4;22.875;22.75;23.0625;380;202;0
1353;2019.04.08 17:15;4;22.9375;22.875;23.125;381;202;0
1354;2019.04.08 17:30;4;22.875;22.875;22.75;386;202;0
1355;2019.04.08 17:45;4;22.75;22.75;22.5;389;202;0
1356;2019.04.08 18:00;4;22.625;22.625;22.375;388;202;0
1357;2019.04.08 18:15;4;22.5625;22.5;22.25;388;202;0
1358;2019.04.08 18:30;4;22.5;22.4375;22.1875;387;202;0
1359;2019.04.08 18:45;4;22.375;22.375;22.125;387;202;0
1360;2019.04.08 19:00;4;22.375;22.3125;22.125;387;202;0
1361;2019.04.08 19:15;4;22.25;22.25;22.125;380;202;0
1362;2019.04.08 19:30;4;22.125;22.5625;22.125;382;202;0
1363;2019.04.08 19:45;4;22.0625;22.5;22.125;382;202;0
1364;2019.04.08 20:00;4;22;22.5;22.125;377;202;0
1365;2019.04.08 20:15;4;21.9375;22.375;22.0625;377;202;0
1366;2019.04.08 20:30;4;21.875;22.25;22;376;202;0
1367;2019.04.08 20:45;4;21.8125;22.1875;22;376;202;0
1368;2019.04.08 21:00;4;21.75;22.125;21.875;376;202;0
1369;2019.04.08 21:15;4;21.75;22;21.8125;375;202;0
1370;2019.04.08 21:30;4;21.625;22;21.75;375;202;0
1371;2019.04.08 21:45;4;21.625;21.9375;21.75;375;202;0
1372;2019.04.08 22:00;4;21.5625;21.875;21.6875;374;202;0
1373;2019.04.08 22:15;4;21.5;21.875;21.625;374;202;0
1374;2019.04.08 22:30;4;21.4375;21.75;21.5625;374;202;0
1375;2019.04.08 22:45;4;21.375;21.75;21.5;374;202;0
1376;2019.04.08 23:00;4;21.3125;21.6875;21.5;373;202;0
1377;2019.04.08 23:15;4;21.25;21.625;21.4375;373;202;0
1378;2019.04.08 23:30;4;21.25;21.625;21.375;373;202;0
1379;2019.04.08 23:45;4;21.1875;21.5625;21.375;373;202;0
1380;2019.04.09 00:00;4;21.125;21.5;21.375;373;202;0
1381;2019.04.09 00:15;4;21.125;21.5;21.375;372;202;0
1382;2019.04.09 00:30;4;21.125;21.4375;21.3125;372;202;0
1383;2019.04.09 00:45;4;21.125;21.375;21.25;372;202;0
1384;2019.04.09 01:00;4;21.0625;21.375;21.25;372;202;0
1385;2019.04.09 01:15;4;21;21.375;21.25;372;202;0
1386;2019.04.09 01:30;4;21;21.3125;21.1875;372;202;0
1387;2019.04.09 01:45;4;21;21.25;21.1875;371;202;0
1388;2019.04.09 02:00;4;20.9375;21.25;21.125;371;202;0
1389;2019.04.09 02:15;4;20.875;21.25;21.125;371;202;0
1390;2019.04.09 02:30;4;20.875;21.1875;21.125;371;202;0
1391;2019.04.09 02:45;4;20.8125;21.125;21.0625;371;202;0
1392;2019.04.09 03:00;4;20.75;21.125;21;371;202;0
1393;2019.04.09 03:15;4;20.75;21.125;21;370;202;0
1394;2019.04.09 03:30;4;20.75;21.0625;21;370;202;0
1395;2019.04.09 03:45;4;20.625;21;20.9375;370;202;0
1396;2019.04.09 04:00;4;20.625;21;20.875;370;202;0
1397;2019.04.09 04:15;4;20.625;21;20.875;370;202;0
1398;2019.04.09 04:30;4;20.75;21;21.125;368;202;0
1399;2019.04.09 04:45;4;21;21;21.25;338;202;0
1400;2019.04.09 05:00;4;21;21;20.875;371;202;0
1401;2019.04.09 05:15;4;20.875;21;18.4375;376;202;0
1402;2019.04.09 05:30;4;20.6875;20.75;19.125;405;202;0
1403;2019.04.09 05:45;4;20.125;20.375;17.4375;381;202;0
1404;2019.04.09 06:00;4;19.25;19.75;16.8125;376;202;0
1405;2019.04.09 06:15;4;18.875;19.375;16.875;376;202;0
1406;2019.04.09 06:30;4;18.625;19.125;17.3125;375;202;0
1407;2019.04.09 06:45;4;18.5;18.875;17.6875;373;202;0
1408;2019.04.09 07:00;4;18.25;18.8125;18.6875;373;202;0
1409;2019.04.09 07:15;4;18.1875;18.8125;19.8125;373;202;0
1410;2019.04.09 07:30;4;18.1875;18.9375;20.625;373;202;0
1411;2019.04.09 07:45;4;18.125;19.125;20.5625;374;202;0
1412;2019.04.09 08:00;4;18.125;19.1875;20.6875;375;202;0
1413;2019.04.09 08:15;4;18.0625;19.125;19.75;377;202;0
1414;2019.04.09 08:30;4;18;19;20;376;202;0
1415;2019.04.09 08:45;4;18;19.0625;19.6875;375;202;0
1416;2019.04.09 09:00;4;17.6875;18.75;16.625;363;202;0
1417;2019.04.09 09:15;4;18;18.375;16.625;388;202;0
1418;2019.04.09 09:30;4;18.375;18.4375;18.625;394;202;0
1419;2019.04.09 09:45;4;18.25;18.625;18.375;382;202;0
1420;2019.04.09 10:00;4;17.75;18.4375;17.25;379;202;0
1421;2019.04.09 10:15;4;17.375;17.875;17;388;202;0
1422;2019.04.09 10:30;4;20.125;17.875;17.6875;415;202;0
1423;2019.04.09 10:45;4;18.25;18.1875;18.125;460;202;0
1424;2019.04.09 11:00;4;18.25;18.5;18.5;391;202;0
1425;2019.04.09 11:15;4;18.125;18.5625;18.375;445;202;0
1426;2019.04.09 11:30;4;16.9375;18.375;17.625;448;202;0
1427;2019.04.09 11:45;4;17;18.125;17.5625;346;202;0
